-- phpMyAdmin SQL Dump
-- version 4.5.1
-- http://www.phpmyadmin.net
--
-- Host: 127.0.0.1
-- Gegenereerd op: 03 jun 2016 om 14:26
-- Serverversie: 10.1.13-MariaDB
-- PHP-versie: 5.6.21

SET SQL_MODE = "NO_AUTO_VALUE_ON_ZERO";
SET time_zone = "+00:00";


/*!40101 SET @OLD_CHARACTER_SET_CLIENT=@@CHARACTER_SET_CLIENT */;
/*!40101 SET @OLD_CHARACTER_SET_RESULTS=@@CHARACTER_SET_RESULTS */;
/*!40101 SET @OLD_COLLATION_CONNECTION=@@COLLATION_CONNECTION */;
/*!40101 SET NAMES utf8mb4 */;

--
-- Database: `tricksparty`
--

-- --------------------------------------------------------

--
-- Tabelstructuur voor tabel `balletlist`
--

CREATE TABLE `balletlist` (
  `PilotUsername` varchar(255) NOT NULL,
  `CompetitionID` int(11) NOT NULL,
  `ScoreType` varchar(255) NOT NULL,
  `Trick` varchar(255) NOT NULL,
  `ListEnum` enum('A','B') NOT NULL
) ENGINE=InnoDB DEFAULT CHARSET=latin1;

--
-- Gegevens worden geëxporteerd voor tabel `balletlist`
--

INSERT INTO `balletlist` (`PilotUsername`, `CompetitionID`, `ScoreType`, `Trick`, `ListEnum`) VALUES
('Wouter_Eskens', 2, 'BT1', 'Coin Toss', 'A'),
('Wouter_Eskens', 2, 'BT1', '2 Tips Landing', 'B'),
('Wouter_Eskens', 2, 'BT2', 'Fade', 'A'),
('Wouter_Eskens', 2, 'BT2', 'Axel', 'B'),
('Wouter_Eskens', 2, 'BT3', 'Axel', 'A'),
('Wouter_Eskens', 2, 'BT3', 'Axel', 'B'),
('Wouter_Eskens', 2, 'BT4', 'Rolling Susan', 'A'),
('Wouter_Eskens', 2, 'BT4', 'Lazy Susan', 'B'),
('Wouter_Eskens', 2, 'BT5', 'Insane left-right', 'A'),
('Wouter_Eskens', 2, 'BT5', 'Jacobs Ladder', 'B'),
('Wouter_Eskens', 2, 'BT6', 'Backspins', 'A'),
('Wouter_Eskens', 2, 'BT6', '2 Tips Landing', 'B'),
('Wouter_Eskens', 2, 'BT7', 'Cascade', 'A'),
('Wouter_Eskens', 2, 'BT7', 'Half Axel', 'B'),
('Wouter_Eskens', 2, 'BT8', 'Turtle (Backflip)', 'A'),
('Wouter_Eskens', 2, 'BT8', 'Turtle (Backflip)', 'B'),
('Wouter_Eskens', 2, 'BT9', 'Half Axel', 'A'),
('Wouter_Eskens', 2, 'BT9', 'Fade', 'B');

-- --------------------------------------------------------

--
-- Tabelstructuur voor tabel `ci_sessions`
--

CREATE TABLE `ci_sessions` (
  `id` varchar(40) NOT NULL,
  `ip_address` varchar(45) NOT NULL,
  `timestamp` int(10) UNSIGNED NOT NULL DEFAULT '0',
  `data` blob NOT NULL
) ENGINE=InnoDB DEFAULT CHARSET=latin1;

--
-- Gegevens worden geëxporteerd voor tabel `ci_sessions`
--

INSERT INTO `ci_sessions` (`id`, `ip_address`, `timestamp`, `data`) VALUES
('332ec52de3087a2a3f3ffd361a9f3c0710b61085', '127.0.0.1', 1464876342, 0x5f5f63695f6c6173745f726567656e65726174657c693a313436343837363334323b6c6f676765645f696e7c613a323a7b733a383a22557365726e616d65223b733a353a2261646d696e223b733a31303a225065726d697373696f6e223b733a353a2241646d696e223b7d),
('1c0f00b0522ce421e843a980a9ac173439155fda', '127.0.0.1', 1464877219, 0x5f5f63695f6c6173745f726567656e65726174657c693a313436343837373035333b6c6f676765645f696e7c613a323a7b733a383a22557365726e616d65223b733a353a2261646d696e223b733a31303a225065726d697373696f6e223b733a353a2241646d696e223b7d),
('ab74a5f61b3cc77714e22b8fc6c09ccc123f13cb', '127.0.0.1', 1464877543, 0x5f5f63695f6c6173745f726567656e65726174657c693a313436343837373530333b6c6f676765645f696e7c613a323a7b733a383a22557365726e616d65223b733a353a2261646d696e223b733a31303a225065726d697373696f6e223b733a353a2241646d696e223b7d),
('bd1b465ccc942aef287225aea72d6cfe478f8d95', '127.0.0.1', 1464878349, 0x5f5f63695f6c6173745f726567656e65726174657c693a313436343837383236323b6c6f676765645f696e7c613a323a7b733a383a22557365726e616d65223b733a353a2261646d696e223b733a31303a225065726d697373696f6e223b733a353a2241646d696e223b7d),
('248fb38d5efa2b086318b7af2eb4251d5cb3f3a3', '127.0.0.1', 1464878944, 0x5f5f63695f6c6173745f726567656e65726174657c693a313436343837383831323b6c6f676765645f696e7c613a323a7b733a383a22557365726e616d65223b733a353a2261646d696e223b733a31303a225065726d697373696f6e223b733a353a2241646d696e223b7d),
('33ad360e23ff80b42e0de5cb8f3e478fad42cbb3', '127.0.0.1', 1464879442, 0x5f5f63695f6c6173745f726567656e65726174657c693a313436343837393434323b6c6f676765645f696e7c613a323a7b733a383a22557365726e616d65223b733a353a2261646d696e223b733a31303a225065726d697373696f6e223b733a353a2241646d696e223b7d),
('2b970f608c09fc2acfd80504ad8f2a93bc5c20b8', '127.0.0.1', 1464880189, 0x5f5f63695f6c6173745f726567656e65726174657c693a313436343837393935323b6c6f676765645f696e7c613a323a7b733a383a22557365726e616d65223b733a353a2261646d696e223b733a31303a225065726d697373696f6e223b733a353a2241646d696e223b7d),
('688ec2a8d20b9068707277c941e6f3f2aa159f1f', '127.0.0.1', 1464880522, 0x5f5f63695f6c6173745f726567656e65726174657c693a313436343838303531393b6c6f676765645f696e7c613a323a7b733a383a22557365726e616d65223b733a353a2261646d696e223b733a31303a225065726d697373696f6e223b733a353a2241646d696e223b7d),
('2467c4c8a5e342e343b0b1d446c257b1d1f579ee', '127.0.0.1', 1464881681, 0x5f5f63695f6c6173745f726567656e65726174657c693a313436343838313439303b),
('1143bcf2faadc708a285ca553cc50ffd4c901388', '127.0.0.1', 1464881807, 0x5f5f63695f6c6173745f726567656e65726174657c693a313436343838313830333b),
('3a4261d045ca13d84c37d481a7309e1e0b44ab29', '127.0.0.1', 1464882460, 0x5f5f63695f6c6173745f726567656e65726174657c693a313436343838323230323b),
('a42d404945b00ca71cd12b8c6b1ad7abe90e8d04', '127.0.0.1', 1464882698, 0x5f5f63695f6c6173745f726567656e65726174657c693a313436343838323637373b6c6f676765645f696e7c613a323a7b733a383a22557365726e616d65223b733a353a2261646d696e223b733a31303a225065726d697373696f6e223b733a353a2241646d696e223b7d),
('511efaa1c402e9c861bbc229bfea33797da498d5', '127.0.0.1', 1464883252, 0x5f5f63695f6c6173745f726567656e65726174657c693a313436343838323938323b6c6f676765645f696e7c613a323a7b733a383a22557365726e616d65223b733a353a2261646d696e223b733a31303a225065726d697373696f6e223b733a353a2241646d696e223b7d),
('8f01155bd87f2e0db8b3ae5768afe0acf41cc5c4', '127.0.0.1', 1464883559, 0x5f5f63695f6c6173745f726567656e65726174657c693a313436343838333333363b6c6f676765645f696e7c613a323a7b733a383a22557365726e616d65223b733a353a2261646d696e223b733a31303a225065726d697373696f6e223b733a353a2241646d696e223b7d),
('ccee0e9b041a664918f5fc32def80599a71d03fd', '127.0.0.1', 1464883697, 0x5f5f63695f6c6173745f726567656e65726174657c693a313436343838333638303b6c6f676765645f696e7c613a323a7b733a383a22557365726e616d65223b733a353a2261646d696e223b733a31303a225065726d697373696f6e223b733a353a2241646d696e223b7d),
('cc926312aaf0f21220ce2f2830517ea85ea7a11c', '127.0.0.1', 1464884306, 0x5f5f63695f6c6173745f726567656e65726174657c693a313436343838343032343b6c6f676765645f696e7c613a323a7b733a383a22557365726e616d65223b733a353a2261646d696e223b733a31303a225065726d697373696f6e223b733a353a2241646d696e223b7d),
('db5ed15daf264e34cbb13feea1b5a40266838010', '127.0.0.1', 1464884532, 0x5f5f63695f6c6173745f726567656e65726174657c693a313436343838343437303b6c6f676765645f696e7c613a323a7b733a383a22557365726e616d65223b733a353a2261646d696e223b733a31303a225065726d697373696f6e223b733a353a2241646d696e223b7d),
('cc6f1b94a894b12ee4ef7f97b3a3c8b1ef476bbc', '127.0.0.1', 1464886785, 0x5f5f63695f6c6173745f726567656e65726174657c693a313436343838363738353b),
('f5fcc6a84c4cbd277a28def38a3cb87e140649e4', '127.0.0.1', 1464887102, 0x5f5f63695f6c6173745f726567656e65726174657c693a313436343838373130323b),
('78103f611e689eb4bab8e8a36325e486081309b1', '127.0.0.1', 1464897200, 0x5f5f63695f6c6173745f726567656e65726174657c693a313436343839363939333b6c6f676765645f696e7c613a323a7b733a383a22557365726e616d65223b733a353a2261646d696e223b733a31303a225065726d697373696f6e223b733a353a2241646d696e223b7d),
('94e0ef6afce51976b9fd600dc7ea805b00a1277e', '127.0.0.1', 1464897489, 0x5f5f63695f6c6173745f726567656e65726174657c693a313436343839373430363b6c6f676765645f696e7c613a323a7b733a383a22557365726e616d65223b733a353a2261646d696e223b733a31303a225065726d697373696f6e223b733a353a2241646d696e223b7d),
('4274b8de3c88b289ddeb0b3999965db32791030d', '127.0.0.1', 1464897957, 0x5f5f63695f6c6173745f726567656e65726174657c693a313436343839373731363b6c6f676765645f696e7c613a323a7b733a383a22557365726e616d65223b733a353a2261646d696e223b733a31303a225065726d697373696f6e223b733a353a2241646d696e223b7d),
('66af68e93e2d10554c0f24d4f32e09d10a7d778a', '127.0.0.1', 1464898393, 0x5f5f63695f6c6173745f726567656e65726174657c693a313436343839383130363b6c6f676765645f696e7c613a323a7b733a383a22557365726e616d65223b733a353a2261646d696e223b733a31303a225065726d697373696f6e223b733a353a2241646d696e223b7d),
('e35b90446ac47aad0340dc1a0efe0f73d97d4632', '127.0.0.1', 1464898464, 0x5f5f63695f6c6173745f726567656e65726174657c693a313436343839383433373b6c6f676765645f696e7c613a323a7b733a383a22557365726e616d65223b733a353a2261646d696e223b733a31303a225065726d697373696f6e223b733a353a2241646d696e223b7d),
('54f6502968b0bfd1af6e7d9dee85752c97ff67ed', '127.0.0.1', 1464898961, 0x5f5f63695f6c6173745f726567656e65726174657c693a313436343839383735363b6c6f676765645f696e7c613a323a7b733a383a22557365726e616d65223b733a353a2261646d696e223b733a31303a225065726d697373696f6e223b733a353a2241646d696e223b7d),
('1db96304f5b6e52daef2912ba1b728ab63e9299b', '127.0.0.1', 1464899732, 0x5f5f63695f6c6173745f726567656e65726174657c693a313436343839393533323b6c6f676765645f696e7c613a323a7b733a383a22557365726e616d65223b733a353a2261646d696e223b733a31303a225065726d697373696f6e223b733a353a2241646d696e223b7d),
('c0a56af8ada364144a5acbfa0738f3ffe998b8d9', '127.0.0.1', 1464900133, 0x5f5f63695f6c6173745f726567656e65726174657c693a313436343839393936373b6c6f676765645f696e7c613a323a7b733a383a22557365726e616d65223b733a353a2261646d696e223b733a31303a225065726d697373696f6e223b733a353a2241646d696e223b7d),
('591da85f7219d10efbce680cff977e7ddf25565a', '127.0.0.1', 1464900712, 0x5f5f63695f6c6173745f726567656e65726174657c693a313436343930303433393b6c6f676765645f696e7c613a323a7b733a383a22557365726e616d65223b733a353a2261646d696e223b733a31303a225065726d697373696f6e223b733a353a2241646d696e223b7d),
('a060d6512ccc660f33f3be674edcb2ba50197f94', '127.0.0.1', 1464901314, 0x5f5f63695f6c6173745f726567656e65726174657c693a313436343930313237353b6c6f676765645f696e7c613a323a7b733a383a22557365726e616d65223b733a353a2261646d696e223b733a31303a225065726d697373696f6e223b733a353a2241646d696e223b7d),
('edce5c243ff3f2788b8c442671891e455242b393', '127.0.0.1', 1464905747, 0x5f5f63695f6c6173745f726567656e65726174657c693a313436343930353435333b6c6f676765645f696e7c613a323a7b733a383a22557365726e616d65223b733a353a2261646d696e223b733a31303a225065726d697373696f6e223b733a353a2241646d696e223b7d),
('60bbe9635e12c0226112e9f4ff6b056505374405', '127.0.0.1', 1464905783, 0x5f5f63695f6c6173745f726567656e65726174657c693a313436343930353738333b6c6f676765645f696e7c613a323a7b733a383a22557365726e616d65223b733a353a2261646d696e223b733a31303a225065726d697373696f6e223b733a353a2241646d696e223b7d),
('bc021014f73c42dbd295caf7eeb2364f80d2e242', '127.0.0.1', 1464908434, 0x5f5f63695f6c6173745f726567656e65726174657c693a313436343930383333393b6c6f676765645f696e7c613a323a7b733a383a22557365726e616d65223b733a353a2261646d696e223b733a31303a225065726d697373696f6e223b733a353a2241646d696e223b7d),
('ab9e70aae013e2cdbd930129635fdc93f6ec097a', '127.0.0.1', 1464908674, 0x5f5f63695f6c6173745f726567656e65726174657c693a313436343930383636303b6c6f676765645f696e7c613a323a7b733a383a22557365726e616d65223b733a353a2261646d696e223b733a31303a225065726d697373696f6e223b733a353a2241646d696e223b7d),
('48672f1974edbe33c3a095886b7734b948f1a222', '127.0.0.1', 1464909850, 0x5f5f63695f6c6173745f726567656e65726174657c693a313436343930393537353b6c6f676765645f696e7c613a323a7b733a383a22557365726e616d65223b733a353a2261646d696e223b733a31303a225065726d697373696f6e223b733a353a2241646d696e223b7d),
('abab384a374320ca2cab07b143d451975374c247', '127.0.0.1', 1464910211, 0x5f5f63695f6c6173745f726567656e65726174657c693a313436343930393931323b6c6f676765645f696e7c613a323a7b733a383a22557365726e616d65223b733a353a2261646d696e223b733a31303a225065726d697373696f6e223b733a353a2241646d696e223b7d),
('fd6399e5c563a076f0ecec1ce5bc033cee6fe9a1', '127.0.0.1', 1464910468, 0x5f5f63695f6c6173745f726567656e65726174657c693a313436343931303233393b6c6f676765645f696e7c613a323a7b733a383a22557365726e616d65223b733a353a2261646d696e223b733a31303a225065726d697373696f6e223b733a353a2241646d696e223b7d),
('8170608138da90c405835af4a24e19f4103492b3', '127.0.0.1', 1464910685, 0x5f5f63695f6c6173745f726567656e65726174657c693a313436343931303636343b6c6f676765645f696e7c613a323a7b733a383a22557365726e616d65223b733a353a2261646d696e223b733a31303a225065726d697373696f6e223b733a353a2241646d696e223b7d),
('8a17391da2ef922455377d25939593c0af8c1629', '127.0.0.1', 1464911005, 0x5f5f63695f6c6173745f726567656e65726174657c693a313436343931303939363b6c6f676765645f696e7c613a323a7b733a383a22557365726e616d65223b733a31333a22576f757465725f45736b656e73223b733a31303a225065726d697373696f6e223b733a353a2250696c6f74223b7d),
('c3f740a2fa95c62d691c38cfae841f375039e8fc', '127.0.0.1', 1464911911, 0x5f5f63695f6c6173745f726567656e65726174657c693a313436343931313836323b6c6f676765645f696e7c613a323a7b733a383a22557365726e616d65223b733a31333a22576f757465725f45736b656e73223b733a31303a225065726d697373696f6e223b733a353a2250696c6f74223b7d),
('7794c51a3c37d7f3bf6f98c962ffb2b8da652130', '127.0.0.1', 1464912838, 0x5f5f63695f6c6173745f726567656e65726174657c693a313436343931323535343b6c6f676765645f696e7c613a323a7b733a383a22557365726e616d65223b733a31333a22576f757465725f45736b656e73223b733a31303a225065726d697373696f6e223b733a353a2250696c6f74223b7d),
('6e50e9896402a394b3e0d2d5b16b1a76ecdaae5a', '127.0.0.1', 1464913178, 0x5f5f63695f6c6173745f726567656e65726174657c693a313436343931323838323b6c6f676765645f696e7c613a323a7b733a383a22557365726e616d65223b733a31333a22576f757465725f45736b656e73223b733a31303a225065726d697373696f6e223b733a353a2250696c6f74223b7d),
('9c6e97902b0b835cbe68858d38927303488d453a', '127.0.0.1', 1464913460, 0x5f5f63695f6c6173745f726567656e65726174657c693a313436343931333233393b6c6f676765645f696e7c613a323a7b733a383a22557365726e616d65223b733a31333a22576f757465725f45736b656e73223b733a31303a225065726d697373696f6e223b733a353a2250696c6f74223b7d),
('f8ed6afe4dd2c4dc161976b94c6678a372f01ab9', '127.0.0.1', 1464913633, 0x5f5f63695f6c6173745f726567656e65726174657c693a313436343931333537373b6c6f676765645f696e7c613a323a7b733a383a22557365726e616d65223b733a31333a22576f757465725f45736b656e73223b733a31303a225065726d697373696f6e223b733a353a2250696c6f74223b7d),
('5d43c2aa25f2850a926bbe099325243fd184a18c', '127.0.0.1', 1464914289, 0x5f5f63695f6c6173745f726567656e65726174657c693a313436343931343030303b6c6f676765645f696e7c613a323a7b733a383a22557365726e616d65223b733a31333a22576f757465725f45736b656e73223b733a31303a225065726d697373696f6e223b733a353a2250696c6f74223b7d),
('dc4540ae3abbf458b10995fd625725838d06310b', '127.0.0.1', 1464914375, 0x5f5f63695f6c6173745f726567656e65726174657c693a313436343931343337353b);

-- --------------------------------------------------------

--
-- Tabelstructuur voor tabel `competition`
--

CREATE TABLE `competition` (
  `ID` int(11) NOT NULL,
  `Location` varchar(255) NOT NULL,
  `Date` date NOT NULL
) ENGINE=InnoDB DEFAULT CHARSET=latin1;

--
-- Gegevens worden geëxporteerd voor tabel `competition`
--

INSERT INTO `competition` (`ID`, `Location`, `Date`) VALUES
(1, 'Den Helder', '2016-08-26'),
(2, 'test', '2016-07-09');

-- --------------------------------------------------------

--
-- Tabelstructuur voor tabel `imposedtrick`
--

CREATE TABLE `imposedtrick` (
  `CompetitionID` int(11) NOT NULL,
  `ScoreType` varchar(255) NOT NULL,
  `Trick` varchar(255) NOT NULL
) ENGINE=InnoDB DEFAULT CHARSET=latin1;

-- --------------------------------------------------------

--
-- Tabelstructuur voor tabel `login`
--

CREATE TABLE `login` (
  `Username` varchar(255) NOT NULL,
  `Password` varchar(255) NOT NULL,
  `Permission` varchar(255) NOT NULL
) ENGINE=InnoDB DEFAULT CHARSET=latin1;

--
-- Gegevens worden geëxporteerd voor tabel `login`
--

INSERT INTO `login` (`Username`, `Password`, `Permission`) VALUES
('admin', '21232f297a57a5a743894a0e4a801fc3', 'Admin'),
('Wouter_Eskens', 'ec6bc20d787546f8f7941f76513f903c', 'Pilot');

-- --------------------------------------------------------

--
-- Tabelstructuur voor tabel `permission`
--

CREATE TABLE `permission` (
  `Permission` varchar(255) NOT NULL
) ENGINE=InnoDB DEFAULT CHARSET=latin1;

--
-- Gegevens worden geëxporteerd voor tabel `permission`
--

INSERT INTO `permission` (`Permission`) VALUES
('Admin'),
('Field director'),
('Judge'),
('Organizer'),
('Pilot');

-- --------------------------------------------------------

--
-- Tabelstructuur voor tabel `person`
--

CREATE TABLE `person` (
  `Username` varchar(255) NOT NULL,
  `FirstName` varchar(255) DEFAULT NULL,
  `LastName` varchar(255) DEFAULT NULL,
  `EmailAddress` varchar(255) DEFAULT NULL
) ENGINE=InnoDB DEFAULT CHARSET=latin1;

-- --------------------------------------------------------

--
-- Tabelstructuur voor tabel `resulttype`
--

CREATE TABLE `resulttype` (
  `ResultType` varchar(255) NOT NULL
) ENGINE=InnoDB DEFAULT CHARSET=latin1;

--
-- Gegevens worden geëxporteerd voor tabel `resulttype`
--

INSERT INTO `resulttype` (`ResultType`) VALUES
('1'),
('10'),
('11'),
('12'),
('13'),
('14'),
('15'),
('16'),
('17'),
('18'),
('19'),
('2'),
('20'),
('3'),
('4'),
('5'),
('6'),
('7'),
('8'),
('9'),
('Average'),
('Bad'),
('Excellent'),
('Good');

-- --------------------------------------------------------

--
-- Tabelstructuur voor tabel `score`
--

CREATE TABLE `score` (
  `CompetitionID` int(11) NOT NULL,
  `JudgeUsername` varchar(255) NOT NULL,
  `PilotUsername` varchar(255) NOT NULL,
  `ScoreType` varchar(255) NOT NULL,
  `ResultType` varchar(255) NOT NULL
) ENGINE=InnoDB DEFAULT CHARSET=latin1;

-- --------------------------------------------------------

--
-- Tabelstructuur voor tabel `scoretype`
--

CREATE TABLE `scoretype` (
  `ScoreType` varchar(255) NOT NULL
) ENGINE=InnoDB DEFAULT CHARSET=latin1;

--
-- Gegevens worden geëxporteerd voor tabel `scoretype`
--

INSERT INTO `scoretype` (`ScoreType`) VALUES
('Artistic'),
('BT1'),
('BT2'),
('BT3'),
('BT4'),
('BT5'),
('BT6'),
('BT7'),
('BT8'),
('BT9'),
('Free expression'),
('IT1A1'),
('IT1A2'),
('IT2A1'),
('IT2A2'),
('IT3A1'),
('IT3A2'),
('IT4A1'),
('IT4A2'),
('Technical');

-- --------------------------------------------------------

--
-- Tabelstructuur voor tabel `selectedballetlist`
--

CREATE TABLE `selectedballetlist` (
  `PilotUsername` varchar(255) NOT NULL,
  `CompetitionID` int(11) NOT NULL,
  `ListEnum` enum('A','B') NOT NULL
) ENGINE=InnoDB DEFAULT CHARSET=latin1;

-- --------------------------------------------------------

--
-- Tabelstructuur voor tabel `trick`
--

CREATE TABLE `trick` (
  `Trick` varchar(255) NOT NULL,
  `TrickGroup` int(11) NOT NULL
) ENGINE=InnoDB DEFAULT CHARSET=latin1;

--
-- Gegevens worden geëxporteerd voor tabel `trick`
--

INSERT INTO `trick` (`Trick`, `TrickGroup`) VALUES
('2 Tips Landing', 2),
('360°', 2),
('540', 3),
('540 Mutex', 4),
('Axel', 2),
('Backspin Cascade', 4),
('Backspins', 3),
('Cascade', 2),
('Cascade Comete', 5),
('Coin Toss', 2),
('Comete', 4),
('Crazy Copter', 5),
('Cynique', 5),
('Double Axel', 4),
('Duplex', 4),
('Fade', 1),
('Flapjack', 2),
('Flic Flac (pancake)', 2),
('Half Axel', 1),
('Insane', 1),
('Insane left-right', 3),
('Jacobs Ladder', 3),
('K2000', 3),
('Kombo', 2),
('La Dole', 5),
('Lazy Susan', 2),
('Lewis', 3),
('Multi Yoyo', 5),
('Multilazy', 3),
('Multislot', 4),
('Pinwheel (Helicopter)', 3),
('Refueling', 2),
('Reverse Rolling', 3),
('Reversed Coin Toss', 3),
('Reversed Flic-Flac', 3),
('Rolling Cascade', 3),
('Rolling Susan', 2),
('Side Slide', 3),
('Slotmachine', 3),
('Spike', 3),
('Stop (snapstall)', 2),
('Tazmachine', 4),
('Torpille', 4),
('Turtle (Backflip)', 1),
('Wap Doo Wap', 4),
('YoFade', 4),
('YoFade Backspins', 5),
('Yoyo', 3),
('Yoyo Multilazy', 5),
('Yoyo Take-off', 4);

-- --------------------------------------------------------

--
-- Tabelstructuur voor tabel `trickgroup`
--

CREATE TABLE `trickgroup` (
  `TrickGroup` int(11) NOT NULL,
  `ResultType` varchar(255) NOT NULL,
  `Score` int(11) NOT NULL
) ENGINE=InnoDB DEFAULT CHARSET=latin1;

--
-- Gegevens worden geëxporteerd voor tabel `trickgroup`
--

INSERT INTO `trickgroup` (`TrickGroup`, `ResultType`, `Score`) VALUES
(1, 'Average', 2),
(1, 'Bad', 0),
(1, 'Excellent', 6),
(1, 'Good', 4),
(2, 'Average', 3),
(2, 'Bad', 0),
(2, 'Excellent', 9),
(2, 'Good', 6),
(3, 'Average', 4),
(3, 'Bad', 0),
(3, 'Excellent', 12),
(3, 'Good', 8),
(4, 'Average', 5),
(4, 'Bad', 0),
(4, 'Excellent', 15),
(4, 'Good', 10),
(5, 'Average', 6),
(5, 'Bad', 0),
(5, 'Excellent', 18),
(5, 'Good', 12);

--
-- Indexen voor geëxporteerde tabellen
--

--
-- Indexen voor tabel `balletlist`
--
ALTER TABLE `balletlist`
  ADD PRIMARY KEY (`PilotUsername`,`CompetitionID`,`ScoreType`,`ListEnum`);

--
-- Indexen voor tabel `ci_sessions`
--
ALTER TABLE `ci_sessions`
  ADD KEY `ci_sessions_timestamp` (`timestamp`);

--
-- Indexen voor tabel `competition`
--
ALTER TABLE `competition`
  ADD PRIMARY KEY (`ID`);

--
-- Indexen voor tabel `imposedtrick`
--
ALTER TABLE `imposedtrick`
  ADD PRIMARY KEY (`CompetitionID`,`ScoreType`);

--
-- Indexen voor tabel `login`
--
ALTER TABLE `login`
  ADD PRIMARY KEY (`Username`);

--
-- Indexen voor tabel `permission`
--
ALTER TABLE `permission`
  ADD PRIMARY KEY (`Permission`);

--
-- Indexen voor tabel `person`
--
ALTER TABLE `person`
  ADD PRIMARY KEY (`Username`);

--
-- Indexen voor tabel `resulttype`
--
ALTER TABLE `resulttype`
  ADD PRIMARY KEY (`ResultType`);

--
-- Indexen voor tabel `score`
--
ALTER TABLE `score`
  ADD PRIMARY KEY (`CompetitionID`,`JudgeUsername`,`PilotUsername`,`ScoreType`);

--
-- Indexen voor tabel `scoretype`
--
ALTER TABLE `scoretype`
  ADD PRIMARY KEY (`ScoreType`);

--
-- Indexen voor tabel `selectedballetlist`
--
ALTER TABLE `selectedballetlist`
  ADD PRIMARY KEY (`PilotUsername`,`CompetitionID`);

--
-- Indexen voor tabel `trick`
--
ALTER TABLE `trick`
  ADD PRIMARY KEY (`Trick`);

--
-- Indexen voor tabel `trickgroup`
--
ALTER TABLE `trickgroup`
  ADD PRIMARY KEY (`TrickGroup`,`ResultType`);

--
-- AUTO_INCREMENT voor geëxporteerde tabellen
--

--
-- AUTO_INCREMENT voor een tabel `competition`
--
ALTER TABLE `competition`
  MODIFY `ID` int(11) NOT NULL AUTO_INCREMENT, AUTO_INCREMENT=3;
/*!40101 SET CHARACTER_SET_CLIENT=@OLD_CHARACTER_SET_CLIENT */;
/*!40101 SET CHARACTER_SET_RESULTS=@OLD_CHARACTER_SET_RESULTS */;
/*!40101 SET COLLATION_CONNECTION=@OLD_COLLATION_CONNECTION */;
