-- phpMyAdmin SQL Dump
-- version 4.5.1
-- http://www.phpmyadmin.net
--
-- Host: 127.0.0.1
-- Gegenereerd op: 15 jun 2016 om 21:32
-- Serverversie: 10.1.13-MariaDB
-- PHP-versie: 5.6.21

SET SQL_MODE = "NO_AUTO_VALUE_ON_ZERO";
SET time_zone = "+00:00";


/*!40101 SET @OLD_CHARACTER_SET_CLIENT=@@CHARACTER_SET_CLIENT */;
/*!40101 SET @OLD_CHARACTER_SET_RESULTS=@@CHARACTER_SET_RESULTS */;
/*!40101 SET @OLD_COLLATION_CONNECTION=@@COLLATION_CONNECTION */;
/*!40101 SET NAMES utf8mb4 */;

--
-- Database: `tricksparty`
--

-- --------------------------------------------------------

--
-- Tabelstructuur voor tabel `balletlist`
--

CREATE TABLE `balletlist` (
  `PilotUsername` varchar(255) NOT NULL,
  `CompetitionID` int(11) NOT NULL,
  `ScoreType` varchar(255) NOT NULL,
  `Trick` varchar(255) NOT NULL,
  `ListEnum` enum('A','B') NOT NULL
) ENGINE=InnoDB DEFAULT CHARSET=latin1;

--
-- Gegevens worden geëxporteerd voor tabel `balletlist`
--

INSERT INTO `balletlist` (`PilotUsername`, `CompetitionID`, `ScoreType`, `Trick`, `ListEnum`) VALUES
('Arne_Willems', 3, 'BT1', 'Slotmachine', 'A'),
('Arne_Willems', 3, 'BT1', 'Fade', 'B'),
('Arne_Willems', 3, 'BT2', '540', 'A'),
('Arne_Willems', 3, 'BT2', 'Fade', 'B'),
('Arne_Willems', 3, 'BT3', 'Multislot', 'A'),
('Arne_Willems', 3, 'BT3', 'Half Axel', 'B'),
('Arne_Willems', 3, 'BT4', 'Fade', 'A'),
('Arne_Willems', 3, 'BT4', 'Half Axel', 'B'),
('Arne_Willems', 3, 'BT5', '540', 'A'),
('Arne_Willems', 3, 'BT5', 'Insane', 'B'),
('Arne_Willems', 3, 'BT6', 'Spike', 'A'),
('Arne_Willems', 3, 'BT6', 'Insane', 'B'),
('Arne_Willems', 3, 'BT7', 'Fade', 'A'),
('Arne_Willems', 3, 'BT7', 'Turtle (Backflip)', 'B'),
('Arne_Willems', 3, 'BT8', 'Multislot', 'A'),
('Arne_Willems', 3, 'BT8', 'Turtle (Backflip)', 'B'),
('Arne_Willems', 3, 'BT9', '2 Tips Landing', 'A'),
('Arne_Willems', 3, 'BT9', '2 Tips Landing', 'B'),
('Arne_Willems', 4, 'BT1', 'Turtle (Backflip)', 'A'),
('Arne_Willems', 4, 'BT1', 'Fade', 'B'),
('Arne_Willems', 4, 'BT2', 'Lazy Susan', 'A'),
('Arne_Willems', 4, 'BT2', 'Fade', 'B'),
('Arne_Willems', 4, 'BT3', '540', 'A'),
('Arne_Willems', 4, 'BT3', 'Half Axel', 'B'),
('Arne_Willems', 4, 'BT4', 'Slotmachine', 'A'),
('Arne_Willems', 4, 'BT4', 'Half Axel', 'B'),
('Arne_Willems', 4, 'BT5', 'Backspins', 'A'),
('Arne_Willems', 4, 'BT5', 'Insane', 'B'),
('Arne_Willems', 4, 'BT6', 'Lewis', 'A'),
('Arne_Willems', 4, 'BT6', 'Insane', 'B'),
('Arne_Willems', 4, 'BT7', 'Lazy Susan', 'A'),
('Arne_Willems', 4, 'BT7', 'Turtle (Backflip)', 'B'),
('Arne_Willems', 4, 'BT8', 'Half Axel', 'A'),
('Arne_Willems', 4, 'BT8', 'Turtle (Backflip)', 'B'),
('Arne_Willems', 4, 'BT9', '2 Tips Landing', 'A'),
('Arne_Willems', 4, 'BT9', '2 Tips Landing', 'B'),
('Arne_Willems', 5, 'BT1', 'Turtle (Backflip)', 'A'),
('Arne_Willems', 5, 'BT1', 'Fade', 'B'),
('Arne_Willems', 5, 'BT2', 'Lazy Susan', 'A'),
('Arne_Willems', 5, 'BT2', 'Fade', 'B'),
('Arne_Willems', 5, 'BT3', '540', 'A'),
('Arne_Willems', 5, 'BT3', 'Half Axel', 'B'),
('Arne_Willems', 5, 'BT4', 'Slotmachine', 'A'),
('Arne_Willems', 5, 'BT4', 'Half Axel', 'B'),
('Arne_Willems', 5, 'BT5', 'Backspins', 'A'),
('Arne_Willems', 5, 'BT5', 'Insane', 'B'),
('Arne_Willems', 5, 'BT6', 'Lewis', 'A'),
('Arne_Willems', 5, 'BT6', 'Insane', 'B'),
('Arne_Willems', 5, 'BT7', 'Lazy Susan', 'A'),
('Arne_Willems', 5, 'BT7', 'Turtle (Backflip)', 'B'),
('Arne_Willems', 5, 'BT8', 'Half Axel', 'A'),
('Arne_Willems', 5, 'BT8', 'Turtle (Backflip)', 'B'),
('Arne_Willems', 5, 'BT9', '2 Tips Landing', 'A'),
('Arne_Willems', 5, 'BT9', '2 Tips Landing', 'B'),
('Arne_Willems', 6, 'BT1', 'Slotmachine', 'A'),
('Arne_Willems', 6, 'BT1', 'Fade', 'B'),
('Arne_Willems', 6, 'BT2', '540', 'A'),
('Arne_Willems', 6, 'BT2', 'Fade', 'B'),
('Arne_Willems', 6, 'BT3', 'Multislot', 'A'),
('Arne_Willems', 6, 'BT3', 'Half Axel', 'B'),
('Arne_Willems', 6, 'BT4', 'Fade', 'A'),
('Arne_Willems', 6, 'BT4', 'Half Axel', 'B'),
('Arne_Willems', 6, 'BT5', '540', 'A'),
('Arne_Willems', 6, 'BT5', 'Insane', 'B'),
('Arne_Willems', 6, 'BT6', 'Spike', 'A'),
('Arne_Willems', 6, 'BT6', 'Insane', 'B'),
('Arne_Willems', 6, 'BT7', 'Fade', 'A'),
('Arne_Willems', 6, 'BT7', 'Turtle (Backflip)', 'B'),
('Arne_Willems', 6, 'BT8', 'Multislot', 'A'),
('Arne_Willems', 6, 'BT8', 'Turtle (Backflip)', 'B'),
('Arne_Willems', 6, 'BT9', '2 Tips Landing', 'A'),
('Arne_Willems', 6, 'BT9', '2 Tips Landing', 'B'),
('Arne_Willems', 7, 'BT1', 'Turtle (Backflip)', 'A'),
('Arne_Willems', 7, 'BT1', 'Fade', 'B'),
('Arne_Willems', 7, 'BT2', 'Lazy Susan', 'A'),
('Arne_Willems', 7, 'BT2', 'Fade', 'B'),
('Arne_Willems', 7, 'BT3', '540', 'A'),
('Arne_Willems', 7, 'BT3', 'Half Axel', 'B'),
('Arne_Willems', 7, 'BT4', 'Slotmachine', 'A'),
('Arne_Willems', 7, 'BT4', 'Half Axel', 'B'),
('Arne_Willems', 7, 'BT5', 'Backspins', 'A'),
('Arne_Willems', 7, 'BT5', 'Insane', 'B'),
('Arne_Willems', 7, 'BT6', 'Lewis', 'A'),
('Arne_Willems', 7, 'BT6', 'Insane', 'B'),
('Arne_Willems', 7, 'BT7', 'Lazy Susan', 'A'),
('Arne_Willems', 7, 'BT7', 'Turtle (Backflip)', 'B'),
('Arne_Willems', 7, 'BT8', 'Half Axel', 'A'),
('Arne_Willems', 7, 'BT8', 'Turtle (Backflip)', 'B'),
('Arne_Willems', 7, 'BT9', '2 Tips Landing', 'A'),
('Arne_Willems', 7, 'BT9', '2 Tips Landing', 'B'),
('Arne_Willems', 9, 'BT1', 'Slotmachine', 'A'),
('Arne_Willems', 9, 'BT1', 'Fade', 'B'),
('Arne_Willems', 9, 'BT2', '540', 'A'),
('Arne_Willems', 9, 'BT2', 'Fade', 'B'),
('Arne_Willems', 9, 'BT3', 'Multislot', 'A'),
('Arne_Willems', 9, 'BT3', 'Half Axel', 'B'),
('Arne_Willems', 9, 'BT4', 'Fade', 'A'),
('Arne_Willems', 9, 'BT4', 'Half Axel', 'B'),
('Arne_Willems', 9, 'BT5', '540', 'A'),
('Arne_Willems', 9, 'BT5', 'Insane', 'B'),
('Arne_Willems', 9, 'BT6', 'Spike', 'A'),
('Arne_Willems', 9, 'BT6', 'Insane', 'B'),
('Arne_Willems', 9, 'BT7', 'Fade', 'A'),
('Arne_Willems', 9, 'BT7', 'Turtle (Backflip)', 'B'),
('Arne_Willems', 9, 'BT8', 'Multislot', 'A'),
('Arne_Willems', 9, 'BT8', 'Turtle (Backflip)', 'B'),
('Arne_Willems', 9, 'BT9', '2 Tips Landing', 'A'),
('Arne_Willems', 9, 'BT9', '2 Tips Landing', 'B'),
('Daan_Aerts', 3, 'BT1', 'Lazy Susan', 'A'),
('Daan_Aerts', 3, 'BT1', 'Fade', 'B'),
('Daan_Aerts', 3, 'BT2', 'Slotmachine', 'A'),
('Daan_Aerts', 3, 'BT2', 'Fade', 'B'),
('Daan_Aerts', 3, 'BT3', 'Jacobs Ladder', 'A'),
('Daan_Aerts', 3, 'BT3', 'Half Axel', 'B'),
('Daan_Aerts', 3, 'BT4', 'Fade', 'A'),
('Daan_Aerts', 3, 'BT4', 'Half Axel', 'B'),
('Daan_Aerts', 3, 'BT5', 'Flic Flac (pancake)', 'A'),
('Daan_Aerts', 3, 'BT5', 'Insane', 'B'),
('Daan_Aerts', 3, 'BT6', 'Cascade', 'A'),
('Daan_Aerts', 3, 'BT6', 'Insane', 'B'),
('Daan_Aerts', 3, 'BT7', 'Jacobs Ladder', 'A'),
('Daan_Aerts', 3, 'BT7', 'Turtle (Backflip)', 'B'),
('Daan_Aerts', 3, 'BT8', 'Yoyo', 'A'),
('Daan_Aerts', 3, 'BT8', 'Turtle (Backflip)', 'B'),
('Daan_Aerts', 3, 'BT9', 'Kombo', 'A'),
('Daan_Aerts', 3, 'BT9', '2 Tips Landing', 'B'),
('Daan_Aerts', 4, 'BT1', 'Cascade', 'A'),
('Daan_Aerts', 4, 'BT1', 'Fade', 'B'),
('Daan_Aerts', 4, 'BT2', 'Jacobs Ladder', 'A'),
('Daan_Aerts', 4, 'BT2', 'Fade', 'B'),
('Daan_Aerts', 4, 'BT3', 'Slotmachine', 'A'),
('Daan_Aerts', 4, 'BT3', 'Half Axel', 'B'),
('Daan_Aerts', 4, 'BT4', 'Comete', 'A'),
('Daan_Aerts', 4, 'BT4', 'Half Axel', 'B'),
('Daan_Aerts', 4, 'BT5', 'Cascade', 'A'),
('Daan_Aerts', 4, 'BT5', 'Insane', 'B'),
('Daan_Aerts', 4, 'BT6', 'Comete', 'A'),
('Daan_Aerts', 4, 'BT6', 'Insane', 'B'),
('Daan_Aerts', 4, 'BT7', 'Rolling Susan', 'A'),
('Daan_Aerts', 4, 'BT7', 'Turtle (Backflip)', 'B'),
('Daan_Aerts', 4, 'BT8', 'Slotmachine', 'A'),
('Daan_Aerts', 4, 'BT8', 'Turtle (Backflip)', 'B'),
('Daan_Aerts', 4, 'BT9', '2 Tips Landing', 'A'),
('Daan_Aerts', 4, 'BT9', '2 Tips Landing', 'B'),
('Daan_Aerts', 5, 'BT1', 'Cascade', 'A'),
('Daan_Aerts', 5, 'BT1', 'Fade', 'B'),
('Daan_Aerts', 5, 'BT2', 'Jacobs Ladder', 'A'),
('Daan_Aerts', 5, 'BT2', 'Fade', 'B'),
('Daan_Aerts', 5, 'BT3', 'Slotmachine', 'A'),
('Daan_Aerts', 5, 'BT3', 'Half Axel', 'B'),
('Daan_Aerts', 5, 'BT4', 'Comete', 'A'),
('Daan_Aerts', 5, 'BT4', 'Half Axel', 'B'),
('Daan_Aerts', 5, 'BT5', 'Cascade', 'A'),
('Daan_Aerts', 5, 'BT5', 'Insane', 'B'),
('Daan_Aerts', 5, 'BT6', 'Comete', 'A'),
('Daan_Aerts', 5, 'BT6', 'Insane', 'B'),
('Daan_Aerts', 5, 'BT7', 'Rolling Susan', 'A'),
('Daan_Aerts', 5, 'BT7', 'Turtle (Backflip)', 'B'),
('Daan_Aerts', 5, 'BT8', 'Slotmachine', 'A'),
('Daan_Aerts', 5, 'BT8', 'Turtle (Backflip)', 'B'),
('Daan_Aerts', 5, 'BT9', '2 Tips Landing', 'A'),
('Daan_Aerts', 5, 'BT9', '2 Tips Landing', 'B'),
('Daan_Aerts', 6, 'BT1', 'Lazy Susan', 'A'),
('Daan_Aerts', 6, 'BT1', 'Fade', 'B'),
('Daan_Aerts', 6, 'BT2', 'Slotmachine', 'A'),
('Daan_Aerts', 6, 'BT2', 'Fade', 'B'),
('Daan_Aerts', 6, 'BT3', 'Jacobs Ladder', 'A'),
('Daan_Aerts', 6, 'BT3', 'Half Axel', 'B'),
('Daan_Aerts', 6, 'BT4', 'Fade', 'A'),
('Daan_Aerts', 6, 'BT4', 'Half Axel', 'B'),
('Daan_Aerts', 6, 'BT5', 'Flic Flac (pancake)', 'A'),
('Daan_Aerts', 6, 'BT5', 'Insane', 'B'),
('Daan_Aerts', 6, 'BT6', 'Cascade', 'A'),
('Daan_Aerts', 6, 'BT6', 'Insane', 'B'),
('Daan_Aerts', 6, 'BT7', 'Jacobs Ladder', 'A'),
('Daan_Aerts', 6, 'BT7', 'Turtle (Backflip)', 'B'),
('Daan_Aerts', 6, 'BT8', 'Yoyo', 'A'),
('Daan_Aerts', 6, 'BT8', 'Turtle (Backflip)', 'B'),
('Daan_Aerts', 6, 'BT9', 'Kombo', 'A'),
('Daan_Aerts', 6, 'BT9', '2 Tips Landing', 'B'),
('Daan_Aerts', 7, 'BT1', 'Cascade', 'A'),
('Daan_Aerts', 7, 'BT1', 'Fade', 'B'),
('Daan_Aerts', 7, 'BT2', 'Jacobs Ladder', 'A'),
('Daan_Aerts', 7, 'BT2', 'Fade', 'B'),
('Daan_Aerts', 7, 'BT3', 'Slotmachine', 'A'),
('Daan_Aerts', 7, 'BT3', 'Half Axel', 'B'),
('Daan_Aerts', 7, 'BT4', 'Comete', 'A'),
('Daan_Aerts', 7, 'BT4', 'Half Axel', 'B'),
('Daan_Aerts', 7, 'BT5', 'Cascade', 'A'),
('Daan_Aerts', 7, 'BT5', 'Insane', 'B'),
('Daan_Aerts', 7, 'BT6', 'Comete', 'A'),
('Daan_Aerts', 7, 'BT6', 'Insane', 'B'),
('Daan_Aerts', 7, 'BT7', 'Rolling Susan', 'A'),
('Daan_Aerts', 7, 'BT7', 'Turtle (Backflip)', 'B'),
('Daan_Aerts', 7, 'BT8', 'Slotmachine', 'A'),
('Daan_Aerts', 7, 'BT8', 'Turtle (Backflip)', 'B'),
('Daan_Aerts', 7, 'BT9', '2 Tips Landing', 'A'),
('Daan_Aerts', 7, 'BT9', '2 Tips Landing', 'B'),
('Daan_Aerts', 9, 'BT1', 'Lazy Susan', 'A'),
('Daan_Aerts', 9, 'BT1', 'Fade', 'B'),
('Daan_Aerts', 9, 'BT2', 'Slotmachine', 'A'),
('Daan_Aerts', 9, 'BT2', 'Fade', 'B'),
('Daan_Aerts', 9, 'BT3', 'Jacobs Ladder', 'A'),
('Daan_Aerts', 9, 'BT3', 'Half Axel', 'B'),
('Daan_Aerts', 9, 'BT4', 'Fade', 'A'),
('Daan_Aerts', 9, 'BT4', 'Half Axel', 'B'),
('Daan_Aerts', 9, 'BT5', 'Flic Flac (pancake)', 'A'),
('Daan_Aerts', 9, 'BT5', 'Insane', 'B'),
('Daan_Aerts', 9, 'BT6', 'Cascade', 'A'),
('Daan_Aerts', 9, 'BT6', 'Insane', 'B'),
('Daan_Aerts', 9, 'BT7', 'Jacobs Ladder', 'A'),
('Daan_Aerts', 9, 'BT7', 'Turtle (Backflip)', 'B'),
('Daan_Aerts', 9, 'BT8', 'Yoyo', 'A'),
('Daan_Aerts', 9, 'BT8', 'Turtle (Backflip)', 'B'),
('Daan_Aerts', 9, 'BT9', 'Kombo', 'A'),
('Daan_Aerts', 9, 'BT9', '2 Tips Landing', 'B'),
('Lars_Wouters', 3, 'BT1', 'Half Axel', 'A'),
('Lars_Wouters', 3, 'BT1', 'Fade', 'B'),
('Lars_Wouters', 3, 'BT2', 'Half Axel', 'A'),
('Lars_Wouters', 3, 'BT2', 'Fade', 'B'),
('Lars_Wouters', 3, 'BT3', 'Lazy Susan', 'A'),
('Lars_Wouters', 3, 'BT3', 'Half Axel', 'B'),
('Lars_Wouters', 3, 'BT4', 'Fade', 'A'),
('Lars_Wouters', 3, 'BT4', 'Half Axel', 'B'),
('Lars_Wouters', 3, 'BT5', 'Backspins', 'A'),
('Lars_Wouters', 3, 'BT5', 'Insane', 'B'),
('Lars_Wouters', 3, 'BT6', 'Turtle (Backflip)', 'A'),
('Lars_Wouters', 3, 'BT6', 'Insane', 'B'),
('Lars_Wouters', 3, 'BT7', 'Fade', 'A'),
('Lars_Wouters', 3, 'BT7', 'Turtle (Backflip)', 'B'),
('Lars_Wouters', 3, 'BT8', 'Lazy Susan', 'A'),
('Lars_Wouters', 3, 'BT8', 'Turtle (Backflip)', 'B'),
('Lars_Wouters', 3, 'BT9', 'Insane', 'A'),
('Lars_Wouters', 3, 'BT9', '2 Tips Landing', 'B'),
('Lars_Wouters', 4, 'BT1', 'Lazy Susan', 'A'),
('Lars_Wouters', 4, 'BT1', 'Fade', 'B'),
('Lars_Wouters', 4, 'BT2', 'Axel', 'A'),
('Lars_Wouters', 4, 'BT2', 'Fade', 'B'),
('Lars_Wouters', 4, 'BT3', 'Half Axel', 'A'),
('Lars_Wouters', 4, 'BT3', 'Half Axel', 'B'),
('Lars_Wouters', 4, 'BT4', 'Multilazy', 'A'),
('Lars_Wouters', 4, 'BT4', 'Half Axel', 'B'),
('Lars_Wouters', 4, 'BT5', 'Lazy Susan', 'A'),
('Lars_Wouters', 4, 'BT5', 'Insane', 'B'),
('Lars_Wouters', 4, 'BT6', 'Axel', 'A'),
('Lars_Wouters', 4, 'BT6', 'Insane', 'B'),
('Lars_Wouters', 4, 'BT7', 'Jacobs Ladder', 'A'),
('Lars_Wouters', 4, 'BT7', 'Turtle (Backflip)', 'B'),
('Lars_Wouters', 4, 'BT8', 'Multilazy', 'A'),
('Lars_Wouters', 4, 'BT8', 'Turtle (Backflip)', 'B'),
('Lars_Wouters', 4, 'BT9', 'Lewis', 'A'),
('Lars_Wouters', 4, 'BT9', '2 Tips Landing', 'B'),
('Lars_Wouters', 5, 'BT1', 'Lazy Susan', 'A'),
('Lars_Wouters', 5, 'BT1', 'Fade', 'B'),
('Lars_Wouters', 5, 'BT2', 'Axel', 'A'),
('Lars_Wouters', 5, 'BT2', 'Fade', 'B'),
('Lars_Wouters', 5, 'BT3', 'Half Axel', 'A'),
('Lars_Wouters', 5, 'BT3', 'Half Axel', 'B'),
('Lars_Wouters', 5, 'BT4', 'Multilazy', 'A'),
('Lars_Wouters', 5, 'BT4', 'Half Axel', 'B'),
('Lars_Wouters', 5, 'BT5', 'Lazy Susan', 'A'),
('Lars_Wouters', 5, 'BT5', 'Insane', 'B'),
('Lars_Wouters', 5, 'BT6', 'Axel', 'A'),
('Lars_Wouters', 5, 'BT6', 'Insane', 'B'),
('Lars_Wouters', 5, 'BT7', 'Jacobs Ladder', 'A'),
('Lars_Wouters', 5, 'BT7', 'Turtle (Backflip)', 'B'),
('Lars_Wouters', 5, 'BT8', 'Multilazy', 'A'),
('Lars_Wouters', 5, 'BT8', 'Turtle (Backflip)', 'B'),
('Lars_Wouters', 5, 'BT9', 'Lewis', 'A'),
('Lars_Wouters', 5, 'BT9', '2 Tips Landing', 'B'),
('Lars_Wouters', 6, 'BT1', 'Half Axel', 'A'),
('Lars_Wouters', 6, 'BT1', 'Fade', 'B'),
('Lars_Wouters', 6, 'BT2', 'Half Axel', 'A'),
('Lars_Wouters', 6, 'BT2', 'Fade', 'B'),
('Lars_Wouters', 6, 'BT3', 'Lazy Susan', 'A'),
('Lars_Wouters', 6, 'BT3', 'Half Axel', 'B'),
('Lars_Wouters', 6, 'BT4', 'Fade', 'A'),
('Lars_Wouters', 6, 'BT4', 'Half Axel', 'B'),
('Lars_Wouters', 6, 'BT5', 'Backspins', 'A'),
('Lars_Wouters', 6, 'BT5', 'Insane', 'B'),
('Lars_Wouters', 6, 'BT6', 'Turtle (Backflip)', 'A'),
('Lars_Wouters', 6, 'BT6', 'Insane', 'B'),
('Lars_Wouters', 6, 'BT7', 'Fade', 'A'),
('Lars_Wouters', 6, 'BT7', 'Turtle (Backflip)', 'B'),
('Lars_Wouters', 6, 'BT8', 'Lazy Susan', 'A'),
('Lars_Wouters', 6, 'BT8', 'Turtle (Backflip)', 'B'),
('Lars_Wouters', 6, 'BT9', 'Insane', 'A'),
('Lars_Wouters', 6, 'BT9', '2 Tips Landing', 'B'),
('Lars_Wouters', 7, 'BT1', 'Lazy Susan', 'A'),
('Lars_Wouters', 7, 'BT1', 'Fade', 'B'),
('Lars_Wouters', 7, 'BT2', 'Axel', 'A'),
('Lars_Wouters', 7, 'BT2', 'Fade', 'B'),
('Lars_Wouters', 7, 'BT3', 'Half Axel', 'A'),
('Lars_Wouters', 7, 'BT3', 'Half Axel', 'B'),
('Lars_Wouters', 7, 'BT4', 'Multilazy', 'A'),
('Lars_Wouters', 7, 'BT4', 'Half Axel', 'B'),
('Lars_Wouters', 7, 'BT5', 'Lazy Susan', 'A'),
('Lars_Wouters', 7, 'BT5', 'Insane', 'B'),
('Lars_Wouters', 7, 'BT6', 'Axel', 'A'),
('Lars_Wouters', 7, 'BT6', 'Insane', 'B'),
('Lars_Wouters', 7, 'BT7', 'Jacobs Ladder', 'A'),
('Lars_Wouters', 7, 'BT7', 'Turtle (Backflip)', 'B'),
('Lars_Wouters', 7, 'BT8', 'Multilazy', 'A'),
('Lars_Wouters', 7, 'BT8', 'Turtle (Backflip)', 'B'),
('Lars_Wouters', 7, 'BT9', 'Lewis', 'A'),
('Lars_Wouters', 7, 'BT9', '2 Tips Landing', 'B'),
('Lars_Wouters', 9, 'BT1', 'Half Axel', 'A'),
('Lars_Wouters', 9, 'BT1', 'Fade', 'B'),
('Lars_Wouters', 9, 'BT2', 'Half Axel', 'A'),
('Lars_Wouters', 9, 'BT2', 'Fade', 'B'),
('Lars_Wouters', 9, 'BT3', 'Lazy Susan', 'A'),
('Lars_Wouters', 9, 'BT3', 'Half Axel', 'B'),
('Lars_Wouters', 9, 'BT4', 'Fade', 'A'),
('Lars_Wouters', 9, 'BT4', 'Half Axel', 'B'),
('Lars_Wouters', 9, 'BT5', 'Backspins', 'A'),
('Lars_Wouters', 9, 'BT5', 'Insane', 'B'),
('Lars_Wouters', 9, 'BT6', 'Turtle (Backflip)', 'A'),
('Lars_Wouters', 9, 'BT6', 'Insane', 'B'),
('Lars_Wouters', 9, 'BT7', 'Fade', 'A'),
('Lars_Wouters', 9, 'BT7', 'Turtle (Backflip)', 'B'),
('Lars_Wouters', 9, 'BT8', 'Lazy Susan', 'A'),
('Lars_Wouters', 9, 'BT8', 'Turtle (Backflip)', 'B'),
('Lars_Wouters', 9, 'BT9', 'Insane', 'A'),
('Lars_Wouters', 9, 'BT9', '2 Tips Landing', 'B'),
('Louis_Jacobs', 3, 'BT1', 'Lazy Susan', 'A'),
('Louis_Jacobs', 3, 'BT1', 'Fade', 'B'),
('Louis_Jacobs', 3, 'BT2', 'Flic Flac (pancake)', 'A'),
('Louis_Jacobs', 3, 'BT2', 'Fade', 'B'),
('Louis_Jacobs', 3, 'BT3', '540', 'A'),
('Louis_Jacobs', 3, 'BT3', 'Half Axel', 'B'),
('Louis_Jacobs', 3, 'BT4', 'Fade', 'A'),
('Louis_Jacobs', 3, 'BT4', 'Half Axel', 'B'),
('Louis_Jacobs', 3, 'BT5', 'Yoyo', 'A'),
('Louis_Jacobs', 3, 'BT5', 'Insane', 'B'),
('Louis_Jacobs', 3, 'BT6', 'Insane', 'A'),
('Louis_Jacobs', 3, 'BT6', 'Insane', 'B'),
('Louis_Jacobs', 3, 'BT7', 'Lewis', 'A'),
('Louis_Jacobs', 3, 'BT7', 'Turtle (Backflip)', 'B'),
('Louis_Jacobs', 3, 'BT8', 'Side Slide', 'A'),
('Louis_Jacobs', 3, 'BT8', 'Turtle (Backflip)', 'B'),
('Louis_Jacobs', 3, 'BT9', '2 Tips Landing', 'A'),
('Louis_Jacobs', 3, 'BT9', '2 Tips Landing', 'B'),
('Louis_Jacobs', 4, 'BT1', 'Cascade', 'A'),
('Louis_Jacobs', 4, 'BT1', 'Fade', 'B'),
('Louis_Jacobs', 4, 'BT2', 'Comete', 'A'),
('Louis_Jacobs', 4, 'BT2', 'Fade', 'B'),
('Louis_Jacobs', 4, 'BT3', 'Rolling Cascade', 'A'),
('Louis_Jacobs', 4, 'BT3', 'Half Axel', 'B'),
('Louis_Jacobs', 4, 'BT4', 'Multilazy', 'A'),
('Louis_Jacobs', 4, 'BT4', 'Half Axel', 'B'),
('Louis_Jacobs', 4, 'BT5', 'Lewis', 'A'),
('Louis_Jacobs', 4, 'BT5', 'Insane', 'B'),
('Louis_Jacobs', 4, 'BT6', 'Rolling Susan', 'A'),
('Louis_Jacobs', 4, 'BT6', 'Insane', 'B'),
('Louis_Jacobs', 4, 'BT7', 'Comete', 'A'),
('Louis_Jacobs', 4, 'BT7', 'Turtle (Backflip)', 'B'),
('Louis_Jacobs', 4, 'BT8', 'Rolling Cascade', 'A'),
('Louis_Jacobs', 4, 'BT8', 'Turtle (Backflip)', 'B'),
('Louis_Jacobs', 4, 'BT9', 'Lewis', 'A'),
('Louis_Jacobs', 4, 'BT9', '2 Tips Landing', 'B'),
('Louis_Jacobs', 5, 'BT1', 'Cascade', 'A'),
('Louis_Jacobs', 5, 'BT1', 'Fade', 'B'),
('Louis_Jacobs', 5, 'BT2', 'Comete', 'A'),
('Louis_Jacobs', 5, 'BT2', 'Fade', 'B'),
('Louis_Jacobs', 5, 'BT3', 'Rolling Cascade', 'A'),
('Louis_Jacobs', 5, 'BT3', 'Half Axel', 'B'),
('Louis_Jacobs', 5, 'BT4', 'Multilazy', 'A'),
('Louis_Jacobs', 5, 'BT4', 'Half Axel', 'B'),
('Louis_Jacobs', 5, 'BT5', 'Lewis', 'A'),
('Louis_Jacobs', 5, 'BT5', 'Insane', 'B'),
('Louis_Jacobs', 5, 'BT6', 'Rolling Susan', 'A'),
('Louis_Jacobs', 5, 'BT6', 'Insane', 'B'),
('Louis_Jacobs', 5, 'BT7', 'Comete', 'A'),
('Louis_Jacobs', 5, 'BT7', 'Turtle (Backflip)', 'B'),
('Louis_Jacobs', 5, 'BT8', 'Rolling Cascade', 'A'),
('Louis_Jacobs', 5, 'BT8', 'Turtle (Backflip)', 'B'),
('Louis_Jacobs', 5, 'BT9', 'Lewis', 'A'),
('Louis_Jacobs', 5, 'BT9', '2 Tips Landing', 'B'),
('Louis_Jacobs', 6, 'BT1', 'Lazy Susan', 'A'),
('Louis_Jacobs', 6, 'BT1', 'Fade', 'B'),
('Louis_Jacobs', 6, 'BT2', 'Flic Flac (pancake)', 'A'),
('Louis_Jacobs', 6, 'BT2', 'Fade', 'B'),
('Louis_Jacobs', 6, 'BT3', '540', 'A'),
('Louis_Jacobs', 6, 'BT3', 'Half Axel', 'B'),
('Louis_Jacobs', 6, 'BT4', 'Fade', 'A'),
('Louis_Jacobs', 6, 'BT4', 'Half Axel', 'B'),
('Louis_Jacobs', 6, 'BT5', 'Yoyo', 'A'),
('Louis_Jacobs', 6, 'BT5', 'Insane', 'B'),
('Louis_Jacobs', 6, 'BT6', 'Insane', 'A'),
('Louis_Jacobs', 6, 'BT6', 'Insane', 'B'),
('Louis_Jacobs', 6, 'BT7', 'Lewis', 'A'),
('Louis_Jacobs', 6, 'BT7', 'Turtle (Backflip)', 'B'),
('Louis_Jacobs', 6, 'BT8', 'Side Slide', 'A'),
('Louis_Jacobs', 6, 'BT8', 'Turtle (Backflip)', 'B'),
('Louis_Jacobs', 6, 'BT9', '2 Tips Landing', 'A'),
('Louis_Jacobs', 6, 'BT9', '2 Tips Landing', 'B'),
('Louis_Jacobs', 7, 'BT1', 'Cascade', 'A'),
('Louis_Jacobs', 7, 'BT1', 'Fade', 'B'),
('Louis_Jacobs', 7, 'BT2', 'Comete', 'A'),
('Louis_Jacobs', 7, 'BT2', 'Fade', 'B'),
('Louis_Jacobs', 7, 'BT3', 'Rolling Cascade', 'A'),
('Louis_Jacobs', 7, 'BT3', 'Half Axel', 'B'),
('Louis_Jacobs', 7, 'BT4', 'Multilazy', 'A'),
('Louis_Jacobs', 7, 'BT4', 'Half Axel', 'B'),
('Louis_Jacobs', 7, 'BT5', 'Lewis', 'A'),
('Louis_Jacobs', 7, 'BT5', 'Insane', 'B'),
('Louis_Jacobs', 7, 'BT6', 'Rolling Susan', 'A'),
('Louis_Jacobs', 7, 'BT6', 'Insane', 'B'),
('Louis_Jacobs', 7, 'BT7', 'Comete', 'A'),
('Louis_Jacobs', 7, 'BT7', 'Turtle (Backflip)', 'B'),
('Louis_Jacobs', 7, 'BT8', 'Rolling Cascade', 'A'),
('Louis_Jacobs', 7, 'BT8', 'Turtle (Backflip)', 'B'),
('Louis_Jacobs', 7, 'BT9', 'Lewis', 'A'),
('Louis_Jacobs', 7, 'BT9', '2 Tips Landing', 'B'),
('Louis_Jacobs', 9, 'BT1', 'Lazy Susan', 'A'),
('Louis_Jacobs', 9, 'BT1', 'Fade', 'B'),
('Louis_Jacobs', 9, 'BT2', 'Flic Flac (pancake)', 'A'),
('Louis_Jacobs', 9, 'BT2', 'Fade', 'B'),
('Louis_Jacobs', 9, 'BT3', '540', 'A'),
('Louis_Jacobs', 9, 'BT3', 'Half Axel', 'B'),
('Louis_Jacobs', 9, 'BT4', 'Fade', 'A'),
('Louis_Jacobs', 9, 'BT4', 'Half Axel', 'B'),
('Louis_Jacobs', 9, 'BT5', 'Yoyo', 'A'),
('Louis_Jacobs', 9, 'BT5', 'Insane', 'B'),
('Louis_Jacobs', 9, 'BT6', 'Insane', 'A'),
('Louis_Jacobs', 9, 'BT6', 'Insane', 'B'),
('Louis_Jacobs', 9, 'BT7', 'Lewis', 'A'),
('Louis_Jacobs', 9, 'BT7', 'Turtle (Backflip)', 'B'),
('Louis_Jacobs', 9, 'BT8', 'Side Slide', 'A'),
('Louis_Jacobs', 9, 'BT8', 'Turtle (Backflip)', 'B'),
('Louis_Jacobs', 9, 'BT9', '2 Tips Landing', 'A'),
('Louis_Jacobs', 9, 'BT9', '2 Tips Landing', 'B'),
('Lucas_Maes', 3, 'BT1', 'Cascade', 'A'),
('Lucas_Maes', 3, 'BT1', 'Fade', 'B'),
('Lucas_Maes', 3, 'BT2', 'Slotmachine', 'A'),
('Lucas_Maes', 3, 'BT2', 'Fade', 'B'),
('Lucas_Maes', 3, 'BT3', 'Backspins', 'A'),
('Lucas_Maes', 3, 'BT3', 'Half Axel', 'B'),
('Lucas_Maes', 3, 'BT4', 'Insane', 'A'),
('Lucas_Maes', 3, 'BT4', 'Half Axel', 'B'),
('Lucas_Maes', 3, 'BT5', 'Axel', 'A'),
('Lucas_Maes', 3, 'BT5', 'Insane', 'B'),
('Lucas_Maes', 3, 'BT6', 'Insane', 'A'),
('Lucas_Maes', 3, 'BT6', 'Insane', 'B'),
('Lucas_Maes', 3, 'BT7', 'Double Axel', 'A'),
('Lucas_Maes', 3, 'BT7', 'Turtle (Backflip)', 'B'),
('Lucas_Maes', 3, 'BT8', 'Multislot', 'A'),
('Lucas_Maes', 3, 'BT8', 'Turtle (Backflip)', 'B'),
('Lucas_Maes', 3, 'BT9', '540', 'A'),
('Lucas_Maes', 3, 'BT9', '2 Tips Landing', 'B'),
('Lucas_Maes', 4, 'BT1', 'Yoyo Multilazy', 'A'),
('Lucas_Maes', 4, 'BT1', 'Fade', 'B'),
('Lucas_Maes', 4, 'BT2', 'Lewis', 'A'),
('Lucas_Maes', 4, 'BT2', 'Fade', 'B'),
('Lucas_Maes', 4, 'BT3', 'Slotmachine', 'A'),
('Lucas_Maes', 4, 'BT3', 'Half Axel', 'B'),
('Lucas_Maes', 4, 'BT4', '540', 'A'),
('Lucas_Maes', 4, 'BT4', 'Half Axel', 'B'),
('Lucas_Maes', 4, 'BT5', 'Side Slide', 'A'),
('Lucas_Maes', 4, 'BT5', 'Insane', 'B'),
('Lucas_Maes', 4, 'BT6', '540', 'A'),
('Lucas_Maes', 4, 'BT6', 'Insane', 'B'),
('Lucas_Maes', 4, 'BT7', 'Insane', 'A'),
('Lucas_Maes', 4, 'BT7', 'Turtle (Backflip)', 'B'),
('Lucas_Maes', 4, 'BT8', 'Lewis', 'A'),
('Lucas_Maes', 4, 'BT8', 'Turtle (Backflip)', 'B'),
('Lucas_Maes', 4, 'BT9', 'Slotmachine', 'A'),
('Lucas_Maes', 4, 'BT9', '2 Tips Landing', 'B'),
('Lucas_Maes', 5, 'BT1', 'Yoyo Multilazy', 'A'),
('Lucas_Maes', 5, 'BT1', 'Fade', 'B'),
('Lucas_Maes', 5, 'BT2', 'Lewis', 'A'),
('Lucas_Maes', 5, 'BT2', 'Fade', 'B'),
('Lucas_Maes', 5, 'BT3', 'Slotmachine', 'A'),
('Lucas_Maes', 5, 'BT3', 'Half Axel', 'B'),
('Lucas_Maes', 5, 'BT4', '540', 'A'),
('Lucas_Maes', 5, 'BT4', 'Half Axel', 'B'),
('Lucas_Maes', 5, 'BT5', 'Side Slide', 'A'),
('Lucas_Maes', 5, 'BT5', 'Insane', 'B'),
('Lucas_Maes', 5, 'BT6', '540', 'A'),
('Lucas_Maes', 5, 'BT6', 'Insane', 'B'),
('Lucas_Maes', 5, 'BT7', 'Insane', 'A'),
('Lucas_Maes', 5, 'BT7', 'Turtle (Backflip)', 'B'),
('Lucas_Maes', 5, 'BT8', 'Lewis', 'A'),
('Lucas_Maes', 5, 'BT8', 'Turtle (Backflip)', 'B'),
('Lucas_Maes', 5, 'BT9', 'Slotmachine', 'A'),
('Lucas_Maes', 5, 'BT9', '2 Tips Landing', 'B'),
('Lucas_Maes', 6, 'BT1', 'Cascade', 'A'),
('Lucas_Maes', 6, 'BT1', 'Fade', 'B'),
('Lucas_Maes', 6, 'BT2', 'Slotmachine', 'A'),
('Lucas_Maes', 6, 'BT2', 'Fade', 'B'),
('Lucas_Maes', 6, 'BT3', 'Backspins', 'A'),
('Lucas_Maes', 6, 'BT3', 'Half Axel', 'B'),
('Lucas_Maes', 6, 'BT4', 'Insane', 'A'),
('Lucas_Maes', 6, 'BT4', 'Half Axel', 'B'),
('Lucas_Maes', 6, 'BT5', 'Axel', 'A'),
('Lucas_Maes', 6, 'BT5', 'Insane', 'B'),
('Lucas_Maes', 6, 'BT6', 'Insane', 'A'),
('Lucas_Maes', 6, 'BT6', 'Insane', 'B'),
('Lucas_Maes', 6, 'BT7', 'Double Axel', 'A'),
('Lucas_Maes', 6, 'BT7', 'Turtle (Backflip)', 'B'),
('Lucas_Maes', 6, 'BT8', 'Multislot', 'A'),
('Lucas_Maes', 6, 'BT8', 'Turtle (Backflip)', 'B'),
('Lucas_Maes', 6, 'BT9', '540', 'A'),
('Lucas_Maes', 6, 'BT9', '2 Tips Landing', 'B'),
('Lucas_Maes', 7, 'BT1', 'Yoyo Multilazy', 'A'),
('Lucas_Maes', 7, 'BT1', 'Fade', 'B'),
('Lucas_Maes', 7, 'BT2', 'Lewis', 'A'),
('Lucas_Maes', 7, 'BT2', 'Fade', 'B'),
('Lucas_Maes', 7, 'BT3', 'Slotmachine', 'A'),
('Lucas_Maes', 7, 'BT3', 'Half Axel', 'B'),
('Lucas_Maes', 7, 'BT4', '540', 'A'),
('Lucas_Maes', 7, 'BT4', 'Half Axel', 'B'),
('Lucas_Maes', 7, 'BT5', 'Side Slide', 'A'),
('Lucas_Maes', 7, 'BT5', 'Insane', 'B'),
('Lucas_Maes', 7, 'BT6', '540', 'A'),
('Lucas_Maes', 7, 'BT6', 'Insane', 'B'),
('Lucas_Maes', 7, 'BT7', 'Insane', 'A'),
('Lucas_Maes', 7, 'BT7', 'Turtle (Backflip)', 'B'),
('Lucas_Maes', 7, 'BT8', 'Lewis', 'A'),
('Lucas_Maes', 7, 'BT8', 'Turtle (Backflip)', 'B'),
('Lucas_Maes', 7, 'BT9', 'Slotmachine', 'A'),
('Lucas_Maes', 7, 'BT9', '2 Tips Landing', 'B'),
('Lucas_Maes', 9, 'BT1', 'Cascade', 'A'),
('Lucas_Maes', 9, 'BT1', 'Fade', 'B'),
('Lucas_Maes', 9, 'BT2', 'Slotmachine', 'A'),
('Lucas_Maes', 9, 'BT2', 'Fade', 'B'),
('Lucas_Maes', 9, 'BT3', 'Backspins', 'A'),
('Lucas_Maes', 9, 'BT3', 'Half Axel', 'B'),
('Lucas_Maes', 9, 'BT4', 'Insane', 'A'),
('Lucas_Maes', 9, 'BT4', 'Half Axel', 'B'),
('Lucas_Maes', 9, 'BT5', 'Axel', 'A'),
('Lucas_Maes', 9, 'BT5', 'Insane', 'B'),
('Lucas_Maes', 9, 'BT6', 'Insane', 'A'),
('Lucas_Maes', 9, 'BT6', 'Insane', 'B'),
('Lucas_Maes', 9, 'BT7', 'Double Axel', 'A'),
('Lucas_Maes', 9, 'BT7', 'Turtle (Backflip)', 'B'),
('Lucas_Maes', 9, 'BT8', 'Multislot', 'A'),
('Lucas_Maes', 9, 'BT8', 'Turtle (Backflip)', 'B'),
('Lucas_Maes', 9, 'BT9', '540', 'A'),
('Lucas_Maes', 9, 'BT9', '2 Tips Landing', 'B'),
('Nathan_Janssens', 3, 'BT1', '540', 'A'),
('Nathan_Janssens', 3, 'BT1', 'Fade', 'B'),
('Nathan_Janssens', 3, 'BT2', 'Backspins', 'A'),
('Nathan_Janssens', 3, 'BT2', 'Fade', 'B'),
('Nathan_Janssens', 3, 'BT3', 'Slotmachine', 'A'),
('Nathan_Janssens', 3, 'BT3', 'Half Axel', 'B'),
('Nathan_Janssens', 3, 'BT4', 'Multilazy', 'A'),
('Nathan_Janssens', 3, 'BT4', 'Half Axel', 'B'),
('Nathan_Janssens', 3, 'BT5', 'Slotmachine', 'A'),
('Nathan_Janssens', 3, 'BT5', 'Insane', 'B'),
('Nathan_Janssens', 3, 'BT6', 'Multilazy', 'A'),
('Nathan_Janssens', 3, 'BT6', 'Insane', 'B'),
('Nathan_Janssens', 3, 'BT7', 'Backspins', 'A'),
('Nathan_Janssens', 3, 'BT7', 'Turtle (Backflip)', 'B'),
('Nathan_Janssens', 3, 'BT8', 'Lewis', 'A'),
('Nathan_Janssens', 3, 'BT8', 'Turtle (Backflip)', 'B'),
('Nathan_Janssens', 3, 'BT9', 'Jacobs Ladder', 'A'),
('Nathan_Janssens', 3, 'BT9', '2 Tips Landing', 'B'),
('Nathan_Janssens', 4, 'BT1', 'Side Slide', 'A'),
('Nathan_Janssens', 4, 'BT1', 'Fade', 'B'),
('Nathan_Janssens', 4, 'BT2', 'Slotmachine', 'A'),
('Nathan_Janssens', 4, 'BT2', 'Fade', 'B'),
('Nathan_Janssens', 4, 'BT3', 'Cascade', 'A'),
('Nathan_Janssens', 4, 'BT3', 'Half Axel', 'B'),
('Nathan_Janssens', 4, 'BT4', '540', 'A'),
('Nathan_Janssens', 4, 'BT4', 'Half Axel', 'B'),
('Nathan_Janssens', 4, 'BT5', 'Fade', 'A'),
('Nathan_Janssens', 4, 'BT5', 'Insane', 'B'),
('Nathan_Janssens', 4, 'BT6', 'Cascade', 'A'),
('Nathan_Janssens', 4, 'BT6', 'Insane', 'B'),
('Nathan_Janssens', 4, 'BT7', '540', 'A'),
('Nathan_Janssens', 4, 'BT7', 'Turtle (Backflip)', 'B'),
('Nathan_Janssens', 4, 'BT8', '360°', 'A'),
('Nathan_Janssens', 4, 'BT8', 'Turtle (Backflip)', 'B'),
('Nathan_Janssens', 4, 'BT9', 'Axel', 'A'),
('Nathan_Janssens', 4, 'BT9', '2 Tips Landing', 'B'),
('Nathan_Janssens', 5, 'BT1', 'Side Slide', 'A'),
('Nathan_Janssens', 5, 'BT1', 'Fade', 'B'),
('Nathan_Janssens', 5, 'BT2', 'Slotmachine', 'A'),
('Nathan_Janssens', 5, 'BT2', 'Fade', 'B'),
('Nathan_Janssens', 5, 'BT3', 'Cascade', 'A'),
('Nathan_Janssens', 5, 'BT3', 'Half Axel', 'B'),
('Nathan_Janssens', 5, 'BT4', '540', 'A'),
('Nathan_Janssens', 5, 'BT4', 'Half Axel', 'B'),
('Nathan_Janssens', 5, 'BT5', 'Fade', 'A'),
('Nathan_Janssens', 5, 'BT5', 'Insane', 'B'),
('Nathan_Janssens', 5, 'BT6', 'Cascade', 'A'),
('Nathan_Janssens', 5, 'BT6', 'Insane', 'B'),
('Nathan_Janssens', 5, 'BT7', '540', 'A'),
('Nathan_Janssens', 5, 'BT7', 'Turtle (Backflip)', 'B'),
('Nathan_Janssens', 5, 'BT8', '360°', 'A'),
('Nathan_Janssens', 5, 'BT8', 'Turtle (Backflip)', 'B'),
('Nathan_Janssens', 5, 'BT9', 'Axel', 'A'),
('Nathan_Janssens', 5, 'BT9', '2 Tips Landing', 'B'),
('Nathan_Janssens', 6, 'BT1', '540', 'A'),
('Nathan_Janssens', 6, 'BT1', 'Fade', 'B'),
('Nathan_Janssens', 6, 'BT2', 'Backspins', 'A'),
('Nathan_Janssens', 6, 'BT2', 'Fade', 'B'),
('Nathan_Janssens', 6, 'BT3', 'Slotmachine', 'A'),
('Nathan_Janssens', 6, 'BT3', 'Half Axel', 'B'),
('Nathan_Janssens', 6, 'BT4', 'Multilazy', 'A'),
('Nathan_Janssens', 6, 'BT4', 'Half Axel', 'B'),
('Nathan_Janssens', 6, 'BT5', 'Slotmachine', 'A'),
('Nathan_Janssens', 6, 'BT5', 'Insane', 'B'),
('Nathan_Janssens', 6, 'BT6', 'Multilazy', 'A'),
('Nathan_Janssens', 6, 'BT6', 'Insane', 'B'),
('Nathan_Janssens', 6, 'BT7', 'Backspins', 'A'),
('Nathan_Janssens', 6, 'BT7', 'Turtle (Backflip)', 'B'),
('Nathan_Janssens', 6, 'BT8', 'Lewis', 'A'),
('Nathan_Janssens', 6, 'BT8', 'Turtle (Backflip)', 'B'),
('Nathan_Janssens', 6, 'BT9', 'Jacobs Ladder', 'A'),
('Nathan_Janssens', 6, 'BT9', '2 Tips Landing', 'B'),
('Nathan_Janssens', 7, 'BT1', 'Side Slide', 'A'),
('Nathan_Janssens', 7, 'BT1', 'Fade', 'B'),
('Nathan_Janssens', 7, 'BT2', 'Slotmachine', 'A'),
('Nathan_Janssens', 7, 'BT2', 'Fade', 'B'),
('Nathan_Janssens', 7, 'BT3', 'Cascade', 'A'),
('Nathan_Janssens', 7, 'BT3', 'Half Axel', 'B'),
('Nathan_Janssens', 7, 'BT4', '540', 'A'),
('Nathan_Janssens', 7, 'BT4', 'Half Axel', 'B'),
('Nathan_Janssens', 7, 'BT5', 'Fade', 'A'),
('Nathan_Janssens', 7, 'BT5', 'Insane', 'B'),
('Nathan_Janssens', 7, 'BT6', 'Cascade', 'A'),
('Nathan_Janssens', 7, 'BT6', 'Insane', 'B'),
('Nathan_Janssens', 7, 'BT7', '540', 'A'),
('Nathan_Janssens', 7, 'BT7', 'Turtle (Backflip)', 'B'),
('Nathan_Janssens', 7, 'BT8', '360°', 'A'),
('Nathan_Janssens', 7, 'BT8', 'Turtle (Backflip)', 'B'),
('Nathan_Janssens', 7, 'BT9', 'Axel', 'A'),
('Nathan_Janssens', 7, 'BT9', '2 Tips Landing', 'B'),
('Nathan_Janssens', 9, 'BT1', '540', 'A'),
('Nathan_Janssens', 9, 'BT1', 'Fade', 'B'),
('Nathan_Janssens', 9, 'BT2', 'Backspins', 'A'),
('Nathan_Janssens', 9, 'BT2', 'Fade', 'B'),
('Nathan_Janssens', 9, 'BT3', 'Slotmachine', 'A'),
('Nathan_Janssens', 9, 'BT3', 'Half Axel', 'B'),
('Nathan_Janssens', 9, 'BT4', 'Multilazy', 'A'),
('Nathan_Janssens', 9, 'BT4', 'Half Axel', 'B'),
('Nathan_Janssens', 9, 'BT5', 'Slotmachine', 'A'),
('Nathan_Janssens', 9, 'BT5', 'Insane', 'B'),
('Nathan_Janssens', 9, 'BT6', 'Multilazy', 'A'),
('Nathan_Janssens', 9, 'BT6', 'Insane', 'B'),
('Nathan_Janssens', 9, 'BT7', 'Backspins', 'A'),
('Nathan_Janssens', 9, 'BT7', 'Turtle (Backflip)', 'B'),
('Nathan_Janssens', 9, 'BT8', 'Lewis', 'A'),
('Nathan_Janssens', 9, 'BT8', 'Turtle (Backflip)', 'B'),
('Nathan_Janssens', 9, 'BT9', 'Jacobs Ladder', 'A'),
('Nathan_Janssens', 9, 'BT9', '2 Tips Landing', 'B'),
('Seppe_De_Smet', 3, 'BT1', '540', 'A'),
('Seppe_De_Smet', 3, 'BT1', 'Fade', 'B'),
('Seppe_De_Smet', 3, 'BT2', 'Backspins', 'A'),
('Seppe_De_Smet', 3, 'BT2', 'Fade', 'B'),
('Seppe_De_Smet', 3, 'BT3', 'Slotmachine', 'A'),
('Seppe_De_Smet', 3, 'BT3', 'Half Axel', 'B'),
('Seppe_De_Smet', 3, 'BT4', 'Multilazy', 'A'),
('Seppe_De_Smet', 3, 'BT4', 'Half Axel', 'B'),
('Seppe_De_Smet', 3, 'BT5', 'Slotmachine', 'A'),
('Seppe_De_Smet', 3, 'BT5', 'Insane', 'B'),
('Seppe_De_Smet', 3, 'BT6', 'Multilazy', 'A'),
('Seppe_De_Smet', 3, 'BT6', 'Insane', 'B'),
('Seppe_De_Smet', 3, 'BT7', 'Backspins', 'A'),
('Seppe_De_Smet', 3, 'BT7', 'Turtle (Backflip)', 'B'),
('Seppe_De_Smet', 3, 'BT8', 'Lewis', 'A'),
('Seppe_De_Smet', 3, 'BT8', 'Turtle (Backflip)', 'B'),
('Seppe_De_Smet', 3, 'BT9', 'Jacobs Ladder', 'A'),
('Seppe_De_Smet', 3, 'BT9', '2 Tips Landing', 'B'),
('Seppe_De_Smet', 4, 'BT1', 'Jacobs Ladder', 'A'),
('Seppe_De_Smet', 4, 'BT1', 'Fade', 'B'),
('Seppe_De_Smet', 4, 'BT2', 'Lewis', 'A'),
('Seppe_De_Smet', 4, 'BT2', 'Fade', 'B'),
('Seppe_De_Smet', 4, 'BT3', 'Multilazy', 'A'),
('Seppe_De_Smet', 4, 'BT3', 'Half Axel', 'B'),
('Seppe_De_Smet', 4, 'BT4', 'Backspins', 'A'),
('Seppe_De_Smet', 4, 'BT4', 'Half Axel', 'B'),
('Seppe_De_Smet', 4, 'BT5', 'Side Slide', 'A'),
('Seppe_De_Smet', 4, 'BT5', 'Insane', 'B'),
('Seppe_De_Smet', 4, 'BT6', 'Backspins', 'A'),
('Seppe_De_Smet', 4, 'BT6', 'Insane', 'B'),
('Seppe_De_Smet', 4, 'BT7', 'Lewis', 'A'),
('Seppe_De_Smet', 4, 'BT7', 'Turtle (Backflip)', 'B'),
('Seppe_De_Smet', 4, 'BT8', 'Multilazy', 'A'),
('Seppe_De_Smet', 4, 'BT8', 'Turtle (Backflip)', 'B'),
('Seppe_De_Smet', 4, 'BT9', 'Jacobs Ladder', 'A'),
('Seppe_De_Smet', 4, 'BT9', '2 Tips Landing', 'B'),
('Seppe_De_Smet', 5, 'BT1', 'Jacobs Ladder', 'A'),
('Seppe_De_Smet', 5, 'BT1', 'Fade', 'B'),
('Seppe_De_Smet', 5, 'BT2', 'Lewis', 'A'),
('Seppe_De_Smet', 5, 'BT2', 'Fade', 'B'),
('Seppe_De_Smet', 5, 'BT3', 'Multilazy', 'A'),
('Seppe_De_Smet', 5, 'BT3', 'Half Axel', 'B'),
('Seppe_De_Smet', 5, 'BT4', 'Backspins', 'A'),
('Seppe_De_Smet', 5, 'BT4', 'Half Axel', 'B'),
('Seppe_De_Smet', 5, 'BT5', 'Side Slide', 'A'),
('Seppe_De_Smet', 5, 'BT5', 'Insane', 'B'),
('Seppe_De_Smet', 5, 'BT6', 'Backspins', 'A'),
('Seppe_De_Smet', 5, 'BT6', 'Insane', 'B'),
('Seppe_De_Smet', 5, 'BT7', 'Lewis', 'A'),
('Seppe_De_Smet', 5, 'BT7', 'Turtle (Backflip)', 'B'),
('Seppe_De_Smet', 5, 'BT8', 'Multilazy', 'A'),
('Seppe_De_Smet', 5, 'BT8', 'Turtle (Backflip)', 'B'),
('Seppe_De_Smet', 5, 'BT9', 'Jacobs Ladder', 'A'),
('Seppe_De_Smet', 5, 'BT9', '2 Tips Landing', 'B'),
('Seppe_De_Smet', 6, 'BT1', '540', 'A'),
('Seppe_De_Smet', 6, 'BT1', 'Fade', 'B'),
('Seppe_De_Smet', 6, 'BT2', 'Backspins', 'A'),
('Seppe_De_Smet', 6, 'BT2', 'Fade', 'B'),
('Seppe_De_Smet', 6, 'BT3', 'Slotmachine', 'A'),
('Seppe_De_Smet', 6, 'BT3', 'Half Axel', 'B'),
('Seppe_De_Smet', 6, 'BT4', 'Multilazy', 'A'),
('Seppe_De_Smet', 6, 'BT4', 'Half Axel', 'B'),
('Seppe_De_Smet', 6, 'BT5', 'Slotmachine', 'A'),
('Seppe_De_Smet', 6, 'BT5', 'Insane', 'B'),
('Seppe_De_Smet', 6, 'BT6', 'Multilazy', 'A'),
('Seppe_De_Smet', 6, 'BT6', 'Insane', 'B'),
('Seppe_De_Smet', 6, 'BT7', 'Backspins', 'A'),
('Seppe_De_Smet', 6, 'BT7', 'Turtle (Backflip)', 'B'),
('Seppe_De_Smet', 6, 'BT8', 'Lewis', 'A'),
('Seppe_De_Smet', 6, 'BT8', 'Turtle (Backflip)', 'B'),
('Seppe_De_Smet', 6, 'BT9', 'Jacobs Ladder', 'A'),
('Seppe_De_Smet', 6, 'BT9', '2 Tips Landing', 'B'),
('Seppe_De_Smet', 7, 'BT1', 'Jacobs Ladder', 'A'),
('Seppe_De_Smet', 7, 'BT1', 'Fade', 'B'),
('Seppe_De_Smet', 7, 'BT2', 'Lewis', 'A'),
('Seppe_De_Smet', 7, 'BT2', 'Fade', 'B'),
('Seppe_De_Smet', 7, 'BT3', 'Multilazy', 'A'),
('Seppe_De_Smet', 7, 'BT3', 'Half Axel', 'B'),
('Seppe_De_Smet', 7, 'BT4', 'Backspins', 'A'),
('Seppe_De_Smet', 7, 'BT4', 'Half Axel', 'B'),
('Seppe_De_Smet', 7, 'BT5', 'Side Slide', 'A'),
('Seppe_De_Smet', 7, 'BT5', 'Insane', 'B'),
('Seppe_De_Smet', 7, 'BT6', 'Backspins', 'A'),
('Seppe_De_Smet', 7, 'BT6', 'Insane', 'B'),
('Seppe_De_Smet', 7, 'BT7', 'Lewis', 'A'),
('Seppe_De_Smet', 7, 'BT7', 'Turtle (Backflip)', 'B'),
('Seppe_De_Smet', 7, 'BT8', 'Multilazy', 'A'),
('Seppe_De_Smet', 7, 'BT8', 'Turtle (Backflip)', 'B'),
('Seppe_De_Smet', 7, 'BT9', 'Jacobs Ladder', 'A'),
('Seppe_De_Smet', 7, 'BT9', '2 Tips Landing', 'B'),
('Seppe_De_Smet', 9, 'BT1', '540', 'A'),
('Seppe_De_Smet', 9, 'BT1', 'Fade', 'B'),
('Seppe_De_Smet', 9, 'BT2', 'Backspins', 'A'),
('Seppe_De_Smet', 9, 'BT2', 'Fade', 'B'),
('Seppe_De_Smet', 9, 'BT3', 'Slotmachine', 'A'),
('Seppe_De_Smet', 9, 'BT3', 'Half Axel', 'B'),
('Seppe_De_Smet', 9, 'BT4', 'Multilazy', 'A'),
('Seppe_De_Smet', 9, 'BT4', 'Half Axel', 'B'),
('Seppe_De_Smet', 9, 'BT5', 'Slotmachine', 'A'),
('Seppe_De_Smet', 9, 'BT5', 'Insane', 'B'),
('Seppe_De_Smet', 9, 'BT6', 'Multilazy', 'A'),
('Seppe_De_Smet', 9, 'BT6', 'Insane', 'B'),
('Seppe_De_Smet', 9, 'BT7', 'Backspins', 'A'),
('Seppe_De_Smet', 9, 'BT7', 'Turtle (Backflip)', 'B'),
('Seppe_De_Smet', 9, 'BT8', 'Lewis', 'A'),
('Seppe_De_Smet', 9, 'BT8', 'Turtle (Backflip)', 'B'),
('Seppe_De_Smet', 9, 'BT9', 'Jacobs Ladder', 'A'),
('Seppe_De_Smet', 9, 'BT9', '2 Tips Landing', 'B'),
('Simon_Claes', 3, 'BT1', 'Axel', 'A'),
('Simon_Claes', 3, 'BT1', 'Fade', 'B'),
('Simon_Claes', 3, 'BT2', 'Multislot', 'A'),
('Simon_Claes', 3, 'BT2', 'Fade', 'B'),
('Simon_Claes', 3, 'BT3', 'Slotmachine', 'A'),
('Simon_Claes', 3, 'BT3', 'Half Axel', 'B'),
('Simon_Claes', 3, 'BT4', 'Axel', 'A'),
('Simon_Claes', 3, 'BT4', 'Half Axel', 'B'),
('Simon_Claes', 3, 'BT5', '540', 'A'),
('Simon_Claes', 3, 'BT5', 'Insane', 'B'),
('Simon_Claes', 3, 'BT6', 'Double Axel', 'A'),
('Simon_Claes', 3, 'BT6', 'Insane', 'B'),
('Simon_Claes', 3, 'BT7', 'Slotmachine', 'A'),
('Simon_Claes', 3, 'BT7', 'Turtle (Backflip)', 'B'),
('Simon_Claes', 3, 'BT8', '540', 'A'),
('Simon_Claes', 3, 'BT8', 'Turtle (Backflip)', 'B'),
('Simon_Claes', 3, 'BT9', 'Multislot', 'A'),
('Simon_Claes', 3, 'BT9', '2 Tips Landing', 'B'),
('Simon_Claes', 4, 'BT1', 'Cascade', 'A'),
('Simon_Claes', 4, 'BT1', 'Fade', 'B'),
('Simon_Claes', 4, 'BT2', 'Backspins', 'A'),
('Simon_Claes', 4, 'BT2', 'Fade', 'B'),
('Simon_Claes', 4, 'BT3', 'Rolling Susan', 'A'),
('Simon_Claes', 4, 'BT3', 'Half Axel', 'B'),
('Simon_Claes', 4, 'BT4', 'Cascade', 'A'),
('Simon_Claes', 4, 'BT4', 'Half Axel', 'B'),
('Simon_Claes', 4, 'BT5', 'Jacobs Ladder', 'A'),
('Simon_Claes', 4, 'BT5', 'Insane', 'B'),
('Simon_Claes', 4, 'BT6', 'Backspins', 'A'),
('Simon_Claes', 4, 'BT6', 'Insane', 'B'),
('Simon_Claes', 4, 'BT7', 'Tazmachine', 'A'),
('Simon_Claes', 4, 'BT7', 'Turtle (Backflip)', 'B'),
('Simon_Claes', 4, 'BT8', 'Rolling Susan', 'A'),
('Simon_Claes', 4, 'BT8', 'Turtle (Backflip)', 'B'),
('Simon_Claes', 4, 'BT9', 'Backspin Cascade', 'A'),
('Simon_Claes', 4, 'BT9', '2 Tips Landing', 'B'),
('Simon_Claes', 5, 'BT1', 'Cascade', 'A'),
('Simon_Claes', 5, 'BT1', 'Fade', 'B'),
('Simon_Claes', 5, 'BT2', 'Backspins', 'A'),
('Simon_Claes', 5, 'BT2', 'Fade', 'B'),
('Simon_Claes', 5, 'BT3', 'Rolling Susan', 'A'),
('Simon_Claes', 5, 'BT3', 'Half Axel', 'B'),
('Simon_Claes', 5, 'BT4', 'Cascade', 'A'),
('Simon_Claes', 5, 'BT4', 'Half Axel', 'B'),
('Simon_Claes', 5, 'BT5', 'Jacobs Ladder', 'A'),
('Simon_Claes', 5, 'BT5', 'Insane', 'B'),
('Simon_Claes', 5, 'BT6', 'Backspins', 'A'),
('Simon_Claes', 5, 'BT6', 'Insane', 'B'),
('Simon_Claes', 5, 'BT7', 'Tazmachine', 'A'),
('Simon_Claes', 5, 'BT7', 'Turtle (Backflip)', 'B'),
('Simon_Claes', 5, 'BT8', 'Rolling Susan', 'A'),
('Simon_Claes', 5, 'BT8', 'Turtle (Backflip)', 'B'),
('Simon_Claes', 5, 'BT9', 'Backspin Cascade', 'A'),
('Simon_Claes', 5, 'BT9', '2 Tips Landing', 'B'),
('Simon_Claes', 6, 'BT1', 'Axel', 'A'),
('Simon_Claes', 6, 'BT1', 'Fade', 'B'),
('Simon_Claes', 6, 'BT2', 'Multislot', 'A'),
('Simon_Claes', 6, 'BT2', 'Fade', 'B'),
('Simon_Claes', 6, 'BT3', 'Slotmachine', 'A'),
('Simon_Claes', 6, 'BT3', 'Half Axel', 'B'),
('Simon_Claes', 6, 'BT4', 'Axel', 'A'),
('Simon_Claes', 6, 'BT4', 'Half Axel', 'B'),
('Simon_Claes', 6, 'BT5', '540', 'A'),
('Simon_Claes', 6, 'BT5', 'Insane', 'B'),
('Simon_Claes', 6, 'BT6', 'Double Axel', 'A'),
('Simon_Claes', 6, 'BT6', 'Insane', 'B'),
('Simon_Claes', 6, 'BT7', 'Slotmachine', 'A'),
('Simon_Claes', 6, 'BT7', 'Turtle (Backflip)', 'B'),
('Simon_Claes', 6, 'BT8', '540', 'A'),
('Simon_Claes', 6, 'BT8', 'Turtle (Backflip)', 'B'),
('Simon_Claes', 6, 'BT9', 'Multislot', 'A'),
('Simon_Claes', 6, 'BT9', '2 Tips Landing', 'B'),
('Simon_Claes', 7, 'BT1', 'Cascade', 'A'),
('Simon_Claes', 7, 'BT1', 'Fade', 'B'),
('Simon_Claes', 7, 'BT2', 'Backspins', 'A'),
('Simon_Claes', 7, 'BT2', 'Fade', 'B'),
('Simon_Claes', 7, 'BT3', 'Rolling Susan', 'A'),
('Simon_Claes', 7, 'BT3', 'Half Axel', 'B'),
('Simon_Claes', 7, 'BT4', 'Cascade', 'A'),
('Simon_Claes', 7, 'BT4', 'Half Axel', 'B'),
('Simon_Claes', 7, 'BT5', 'Jacobs Ladder', 'A'),
('Simon_Claes', 7, 'BT5', 'Insane', 'B'),
('Simon_Claes', 7, 'BT6', 'Backspins', 'A'),
('Simon_Claes', 7, 'BT6', 'Insane', 'B'),
('Simon_Claes', 7, 'BT7', 'Tazmachine', 'A'),
('Simon_Claes', 7, 'BT7', 'Turtle (Backflip)', 'B'),
('Simon_Claes', 7, 'BT8', 'Rolling Susan', 'A'),
('Simon_Claes', 7, 'BT8', 'Turtle (Backflip)', 'B'),
('Simon_Claes', 7, 'BT9', 'Backspin Cascade', 'A'),
('Simon_Claes', 7, 'BT9', '2 Tips Landing', 'B'),
('Simon_Claes', 9, 'BT1', 'Axel', 'A'),
('Simon_Claes', 9, 'BT1', 'Fade', 'B'),
('Simon_Claes', 9, 'BT2', 'Multislot', 'A'),
('Simon_Claes', 9, 'BT2', 'Fade', 'B'),
('Simon_Claes', 9, 'BT3', 'Slotmachine', 'A'),
('Simon_Claes', 9, 'BT3', 'Half Axel', 'B'),
('Simon_Claes', 9, 'BT4', 'Axel', 'A'),
('Simon_Claes', 9, 'BT4', 'Half Axel', 'B'),
('Simon_Claes', 9, 'BT5', '540', 'A'),
('Simon_Claes', 9, 'BT5', 'Insane', 'B'),
('Simon_Claes', 9, 'BT6', 'Double Axel', 'A'),
('Simon_Claes', 9, 'BT6', 'Insane', 'B'),
('Simon_Claes', 9, 'BT7', 'Slotmachine', 'A'),
('Simon_Claes', 9, 'BT7', 'Turtle (Backflip)', 'B'),
('Simon_Claes', 9, 'BT8', '540', 'A'),
('Simon_Claes', 9, 'BT8', 'Turtle (Backflip)', 'B'),
('Simon_Claes', 9, 'BT9', 'Multislot', 'A'),
('Simon_Claes', 9, 'BT9', '2 Tips Landing', 'B'),
('Thomas_Peeters', 3, 'BT1', 'Half Axel', 'A'),
('Thomas_Peeters', 3, 'BT1', 'Fade', 'B'),
('Thomas_Peeters', 3, 'BT2', 'Half Axel', 'A'),
('Thomas_Peeters', 3, 'BT2', 'Fade', 'B'),
('Thomas_Peeters', 3, 'BT3', 'Lazy Susan', 'A'),
('Thomas_Peeters', 3, 'BT3', 'Half Axel', 'B'),
('Thomas_Peeters', 3, 'BT4', 'Fade', 'A'),
('Thomas_Peeters', 3, 'BT4', 'Half Axel', 'B'),
('Thomas_Peeters', 3, 'BT5', 'Backspins', 'A'),
('Thomas_Peeters', 3, 'BT5', 'Insane', 'B'),
('Thomas_Peeters', 3, 'BT6', 'Cascade', 'A'),
('Thomas_Peeters', 3, 'BT6', 'Insane', 'B'),
('Thomas_Peeters', 3, 'BT7', 'Fade', 'A'),
('Thomas_Peeters', 3, 'BT7', 'Turtle (Backflip)', 'B'),
('Thomas_Peeters', 3, 'BT8', 'Lazy Susan', 'A'),
('Thomas_Peeters', 3, 'BT8', 'Turtle (Backflip)', 'B'),
('Thomas_Peeters', 3, 'BT9', 'Turtle (Backflip)', 'A'),
('Thomas_Peeters', 3, 'BT9', '2 Tips Landing', 'B'),
('Thomas_Peeters', 4, 'BT1', 'Lazy Susan', 'A'),
('Thomas_Peeters', 4, 'BT1', 'Fade', 'B'),
('Thomas_Peeters', 4, 'BT2', 'Slotmachine', 'A'),
('Thomas_Peeters', 4, 'BT2', 'Fade', 'B'),
('Thomas_Peeters', 4, 'BT3', 'Jacobs Ladder', 'A'),
('Thomas_Peeters', 4, 'BT3', 'Half Axel', 'B'),
('Thomas_Peeters', 4, 'BT4', 'Axel', 'A'),
('Thomas_Peeters', 4, 'BT4', 'Half Axel', 'B'),
('Thomas_Peeters', 4, 'BT5', 'Flic Flac (pancake)', 'A'),
('Thomas_Peeters', 4, 'BT5', 'Insane', 'B'),
('Thomas_Peeters', 4, 'BT6', 'Cascade', 'A'),
('Thomas_Peeters', 4, 'BT6', 'Insane', 'B'),
('Thomas_Peeters', 4, 'BT7', 'Jacobs Ladder', 'A'),
('Thomas_Peeters', 4, 'BT7', 'Turtle (Backflip)', 'B'),
('Thomas_Peeters', 4, 'BT8', 'Lewis', 'A'),
('Thomas_Peeters', 4, 'BT8', 'Turtle (Backflip)', 'B'),
('Thomas_Peeters', 4, 'BT9', 'Kombo', 'A'),
('Thomas_Peeters', 4, 'BT9', '2 Tips Landing', 'B'),
('Thomas_Peeters', 5, 'BT1', 'Lazy Susan', 'A'),
('Thomas_Peeters', 5, 'BT1', 'Fade', 'B'),
('Thomas_Peeters', 5, 'BT2', 'Slotmachine', 'A'),
('Thomas_Peeters', 5, 'BT2', 'Fade', 'B'),
('Thomas_Peeters', 5, 'BT3', 'Jacobs Ladder', 'A'),
('Thomas_Peeters', 5, 'BT3', 'Half Axel', 'B'),
('Thomas_Peeters', 5, 'BT4', 'Half Axel', 'A'),
('Thomas_Peeters', 5, 'BT4', 'Half Axel', 'B'),
('Thomas_Peeters', 5, 'BT5', 'Flic Flac (pancake)', 'A'),
('Thomas_Peeters', 5, 'BT5', 'Insane', 'B'),
('Thomas_Peeters', 5, 'BT6', 'Cascade', 'A'),
('Thomas_Peeters', 5, 'BT6', 'Insane', 'B'),
('Thomas_Peeters', 5, 'BT7', 'Jacobs Ladder', 'A'),
('Thomas_Peeters', 5, 'BT7', 'Turtle (Backflip)', 'B'),
('Thomas_Peeters', 5, 'BT8', 'Lewis', 'A'),
('Thomas_Peeters', 5, 'BT8', 'Turtle (Backflip)', 'B'),
('Thomas_Peeters', 5, 'BT9', 'Kombo', 'A'),
('Thomas_Peeters', 5, 'BT9', '2 Tips Landing', 'B'),
('Thomas_Peeters', 6, 'BT1', 'Half Axel', 'A'),
('Thomas_Peeters', 6, 'BT1', 'Fade', 'B'),
('Thomas_Peeters', 6, 'BT2', 'Half Axel', 'A'),
('Thomas_Peeters', 6, 'BT2', 'Fade', 'B'),
('Thomas_Peeters', 6, 'BT3', 'Lazy Susan', 'A'),
('Thomas_Peeters', 6, 'BT3', 'Half Axel', 'B'),
('Thomas_Peeters', 6, 'BT4', 'Fade', 'A'),
('Thomas_Peeters', 6, 'BT4', 'Half Axel', 'B'),
('Thomas_Peeters', 6, 'BT5', 'Backspins', 'A'),
('Thomas_Peeters', 6, 'BT5', 'Insane', 'B'),
('Thomas_Peeters', 6, 'BT6', 'Cascade', 'A'),
('Thomas_Peeters', 6, 'BT6', 'Insane', 'B'),
('Thomas_Peeters', 6, 'BT7', 'Fade', 'A'),
('Thomas_Peeters', 6, 'BT7', 'Turtle (Backflip)', 'B'),
('Thomas_Peeters', 6, 'BT8', 'Lazy Susan', 'A'),
('Thomas_Peeters', 6, 'BT8', 'Turtle (Backflip)', 'B'),
('Thomas_Peeters', 6, 'BT9', 'Turtle (Backflip)', 'A'),
('Thomas_Peeters', 6, 'BT9', '2 Tips Landing', 'B'),
('Thomas_Peeters', 7, 'BT1', 'Lazy Susan', 'A'),
('Thomas_Peeters', 7, 'BT1', 'Fade', 'B'),
('Thomas_Peeters', 7, 'BT2', 'Slotmachine', 'A'),
('Thomas_Peeters', 7, 'BT2', 'Fade', 'B'),
('Thomas_Peeters', 7, 'BT3', 'Jacobs Ladder', 'A'),
('Thomas_Peeters', 7, 'BT3', 'Half Axel', 'B'),
('Thomas_Peeters', 7, 'BT4', 'Axel', 'A'),
('Thomas_Peeters', 7, 'BT4', 'Half Axel', 'B'),
('Thomas_Peeters', 7, 'BT5', 'Flic Flac (pancake)', 'A'),
('Thomas_Peeters', 7, 'BT5', 'Insane', 'B'),
('Thomas_Peeters', 7, 'BT6', 'Cascade', 'A'),
('Thomas_Peeters', 7, 'BT6', 'Insane', 'B'),
('Thomas_Peeters', 7, 'BT7', 'Jacobs Ladder', 'A'),
('Thomas_Peeters', 7, 'BT7', 'Turtle (Backflip)', 'B'),
('Thomas_Peeters', 7, 'BT8', 'Lewis', 'A'),
('Thomas_Peeters', 7, 'BT8', 'Turtle (Backflip)', 'B'),
('Thomas_Peeters', 7, 'BT9', 'Kombo', 'A'),
('Thomas_Peeters', 7, 'BT9', '2 Tips Landing', 'B'),
('Thomas_Peeters', 9, 'BT1', 'Half Axel', 'A'),
('Thomas_Peeters', 9, 'BT1', 'Fade', 'B'),
('Thomas_Peeters', 9, 'BT2', 'Half Axel', 'A'),
('Thomas_Peeters', 9, 'BT2', 'Fade', 'B'),
('Thomas_Peeters', 9, 'BT3', 'Lazy Susan', 'A'),
('Thomas_Peeters', 9, 'BT3', 'Half Axel', 'B'),
('Thomas_Peeters', 9, 'BT4', 'Fade', 'A'),
('Thomas_Peeters', 9, 'BT4', 'Half Axel', 'B'),
('Thomas_Peeters', 9, 'BT5', 'Backspins', 'A'),
('Thomas_Peeters', 9, 'BT5', 'Insane', 'B'),
('Thomas_Peeters', 9, 'BT6', 'Cascade', 'A'),
('Thomas_Peeters', 9, 'BT6', 'Insane', 'B'),
('Thomas_Peeters', 9, 'BT7', 'Fade', 'A'),
('Thomas_Peeters', 9, 'BT7', 'Turtle (Backflip)', 'B'),
('Thomas_Peeters', 9, 'BT8', 'Lazy Susan', 'A'),
('Thomas_Peeters', 9, 'BT8', 'Turtle (Backflip)', 'B'),
('Thomas_Peeters', 9, 'BT9', 'Turtle (Backflip)', 'A'),
('Thomas_Peeters', 9, 'BT9', '2 Tips Landing', 'B'),
('Victor_Goossens', 3, 'BT1', 'Backspin Cascade', 'A'),
('Victor_Goossens', 3, 'BT1', 'Fade', 'B'),
('Victor_Goossens', 3, 'BT2', 'Jacobs Ladder', 'A'),
('Victor_Goossens', 3, 'BT2', 'Fade', 'B'),
('Victor_Goossens', 3, 'BT3', 'Backspins', 'A'),
('Victor_Goossens', 3, 'BT3', 'Half Axel', 'B'),
('Victor_Goossens', 3, 'BT4', 'Wap Doo Wap', 'A'),
('Victor_Goossens', 3, 'BT4', 'Half Axel', 'B'),
('Victor_Goossens', 3, 'BT5', 'Jacobs Ladder', 'A'),
('Victor_Goossens', 3, 'BT5', 'Insane', 'B'),
('Victor_Goossens', 3, 'BT6', 'Backspin Cascade', 'A'),
('Victor_Goossens', 3, 'BT6', 'Insane', 'B'),
('Victor_Goossens', 3, 'BT7', 'Cascade', 'A'),
('Victor_Goossens', 3, 'BT7', 'Turtle (Backflip)', 'B'),
('Victor_Goossens', 3, 'BT8', 'Lewis', 'A'),
('Victor_Goossens', 3, 'BT8', 'Turtle (Backflip)', 'B'),
('Victor_Goossens', 3, 'BT9', 'Comete', 'A'),
('Victor_Goossens', 3, 'BT9', '2 Tips Landing', 'B'),
('Victor_Goossens', 4, 'BT1', 'Half Axel', 'A'),
('Victor_Goossens', 4, 'BT1', 'Fade', 'B'),
('Victor_Goossens', 4, 'BT2', 'Half Axel', 'A'),
('Victor_Goossens', 4, 'BT2', 'Fade', 'B'),
('Victor_Goossens', 4, 'BT3', 'Lazy Susan', 'A'),
('Victor_Goossens', 4, 'BT3', 'Half Axel', 'B'),
('Victor_Goossens', 4, 'BT4', 'Fade', 'A'),
('Victor_Goossens', 4, 'BT4', 'Half Axel', 'B'),
('Victor_Goossens', 4, 'BT5', 'Backspins', 'A'),
('Victor_Goossens', 4, 'BT5', 'Insane', 'B'),
('Victor_Goossens', 4, 'BT6', 'Turtle (Backflip)', 'A'),
('Victor_Goossens', 4, 'BT6', 'Insane', 'B'),
('Victor_Goossens', 4, 'BT7', 'Fade', 'A'),
('Victor_Goossens', 4, 'BT7', 'Turtle (Backflip)', 'B'),
('Victor_Goossens', 4, 'BT8', 'Lazy Susan', 'A'),
('Victor_Goossens', 4, 'BT8', 'Turtle (Backflip)', 'B'),
('Victor_Goossens', 4, 'BT9', '2 Tips Landing', 'A'),
('Victor_Goossens', 4, 'BT9', '2 Tips Landing', 'B'),
('Victor_Goossens', 5, 'BT1', 'Half Axel', 'A'),
('Victor_Goossens', 5, 'BT1', 'Fade', 'B'),
('Victor_Goossens', 5, 'BT2', 'Half Axel', 'A'),
('Victor_Goossens', 5, 'BT2', 'Fade', 'B'),
('Victor_Goossens', 5, 'BT3', 'Lazy Susan', 'A'),
('Victor_Goossens', 5, 'BT3', 'Half Axel', 'B'),
('Victor_Goossens', 5, 'BT4', 'Fade', 'A'),
('Victor_Goossens', 5, 'BT4', 'Half Axel', 'B'),
('Victor_Goossens', 5, 'BT5', 'Backspins', 'A'),
('Victor_Goossens', 5, 'BT5', 'Insane', 'B'),
('Victor_Goossens', 5, 'BT6', 'Turtle (Backflip)', 'A'),
('Victor_Goossens', 5, 'BT6', 'Insane', 'B'),
('Victor_Goossens', 5, 'BT7', 'Fade', 'A'),
('Victor_Goossens', 5, 'BT7', 'Turtle (Backflip)', 'B'),
('Victor_Goossens', 5, 'BT8', 'Lazy Susan', 'A'),
('Victor_Goossens', 5, 'BT8', 'Turtle (Backflip)', 'B'),
('Victor_Goossens', 5, 'BT9', '2 Tips Landing', 'A'),
('Victor_Goossens', 5, 'BT9', '2 Tips Landing', 'B'),
('Victor_Goossens', 6, 'BT1', 'Backspins', 'A'),
('Victor_Goossens', 6, 'BT1', 'Fade', 'B'),
('Victor_Goossens', 6, 'BT2', 'Jacobs Ladder', 'A'),
('Victor_Goossens', 6, 'BT2', 'Fade', 'B'),
('Victor_Goossens', 6, 'BT3', 'Backspins', 'A'),
('Victor_Goossens', 6, 'BT3', 'Half Axel', 'B'),
('Victor_Goossens', 6, 'BT4', 'Wap Doo Wap', 'A'),
('Victor_Goossens', 6, 'BT4', 'Half Axel', 'B'),
('Victor_Goossens', 6, 'BT5', 'Jacobs Ladder', 'A'),
('Victor_Goossens', 6, 'BT5', 'Insane', 'B'),
('Victor_Goossens', 6, 'BT6', 'Backspin Cascade', 'A'),
('Victor_Goossens', 6, 'BT6', 'Insane', 'B'),
('Victor_Goossens', 6, 'BT7', 'Cascade', 'A'),
('Victor_Goossens', 6, 'BT7', 'Turtle (Backflip)', 'B'),
('Victor_Goossens', 6, 'BT8', 'Lewis', 'A'),
('Victor_Goossens', 6, 'BT8', 'Turtle (Backflip)', 'B'),
('Victor_Goossens', 6, 'BT9', 'Comete', 'A'),
('Victor_Goossens', 6, 'BT9', '2 Tips Landing', 'B'),
('Victor_Goossens', 7, 'BT1', 'Half Axel', 'A'),
('Victor_Goossens', 7, 'BT1', 'Fade', 'B'),
('Victor_Goossens', 7, 'BT2', 'Half Axel', 'A'),
('Victor_Goossens', 7, 'BT2', 'Fade', 'B'),
('Victor_Goossens', 7, 'BT3', 'Lazy Susan', 'A'),
('Victor_Goossens', 7, 'BT3', 'Half Axel', 'B'),
('Victor_Goossens', 7, 'BT4', 'Fade', 'A'),
('Victor_Goossens', 7, 'BT4', 'Half Axel', 'B'),
('Victor_Goossens', 7, 'BT5', 'Backspins', 'A'),
('Victor_Goossens', 7, 'BT5', 'Insane', 'B'),
('Victor_Goossens', 7, 'BT6', 'Turtle (Backflip)', 'A'),
('Victor_Goossens', 7, 'BT6', 'Insane', 'B'),
('Victor_Goossens', 7, 'BT7', 'Fade', 'A'),
('Victor_Goossens', 7, 'BT7', 'Turtle (Backflip)', 'B'),
('Victor_Goossens', 7, 'BT8', 'Lazy Susan', 'A'),
('Victor_Goossens', 7, 'BT8', 'Turtle (Backflip)', 'B'),
('Victor_Goossens', 7, 'BT9', '2 Tips Landing', 'A'),
('Victor_Goossens', 7, 'BT9', '2 Tips Landing', 'B'),
('Victor_Goossens', 9, 'BT1', 'Backspin Cascade', 'A'),
('Victor_Goossens', 9, 'BT1', 'Fade', 'B'),
('Victor_Goossens', 9, 'BT2', 'Jacobs Ladder', 'A'),
('Victor_Goossens', 9, 'BT2', 'Fade', 'B'),
('Victor_Goossens', 9, 'BT3', 'Backspins', 'A'),
('Victor_Goossens', 9, 'BT3', 'Half Axel', 'B'),
('Victor_Goossens', 9, 'BT4', 'Wap Doo Wap', 'A'),
('Victor_Goossens', 9, 'BT4', 'Half Axel', 'B'),
('Victor_Goossens', 9, 'BT5', 'Jacobs Ladder', 'A'),
('Victor_Goossens', 9, 'BT5', 'Insane', 'B'),
('Victor_Goossens', 9, 'BT6', 'Backspin Cascade', 'A'),
('Victor_Goossens', 9, 'BT6', 'Insane', 'B'),
('Victor_Goossens', 9, 'BT7', 'Cascade', 'A'),
('Victor_Goossens', 9, 'BT7', 'Turtle (Backflip)', 'B'),
('Victor_Goossens', 9, 'BT8', 'Lewis', 'A'),
('Victor_Goossens', 9, 'BT8', 'Turtle (Backflip)', 'B'),
('Victor_Goossens', 9, 'BT9', 'Comete', 'A'),
('Victor_Goossens', 9, 'BT9', '2 Tips Landing', 'B'),
('Wout_Mertens', 3, 'BT1', 'Cascade', 'A'),
('Wout_Mertens', 3, 'BT1', 'Fade', 'B'),
('Wout_Mertens', 3, 'BT2', 'Comete', 'A'),
('Wout_Mertens', 3, 'BT2', 'Fade', 'B'),
('Wout_Mertens', 3, 'BT3', 'Multislot', 'A'),
('Wout_Mertens', 3, 'BT3', 'Half Axel', 'B'),
('Wout_Mertens', 3, 'BT4', 'Multilazy', 'A'),
('Wout_Mertens', 3, 'BT4', 'Half Axel', 'B'),
('Wout_Mertens', 3, 'BT5', 'Lewis', 'A'),
('Wout_Mertens', 3, 'BT5', 'Insane', 'B'),
('Wout_Mertens', 3, 'BT6', '540 Mutex', 'A'),
('Wout_Mertens', 3, 'BT6', 'Insane', 'B'),
('Wout_Mertens', 3, 'BT7', 'Rolling Cascade', 'A'),
('Wout_Mertens', 3, 'BT7', 'Turtle (Backflip)', 'B'),
('Wout_Mertens', 3, 'BT8', 'Comete', 'A'),
('Wout_Mertens', 3, 'BT8', 'Turtle (Backflip)', 'B'),
('Wout_Mertens', 3, 'BT9', 'Kombo', 'A'),
('Wout_Mertens', 3, 'BT9', '2 Tips Landing', 'B'),
('Wout_Mertens', 4, 'BT1', 'Lazy Susan', 'A'),
('Wout_Mertens', 4, 'BT1', 'Fade', 'B'),
('Wout_Mertens', 4, 'BT2', 'Double Axel', 'A'),
('Wout_Mertens', 4, 'BT2', 'Fade', 'B'),
('Wout_Mertens', 4, 'BT3', 'Multilazy', 'A'),
('Wout_Mertens', 4, 'BT3', 'Half Axel', 'B'),
('Wout_Mertens', 4, 'BT4', 'Yoyo', 'A'),
('Wout_Mertens', 4, 'BT4', 'Half Axel', 'B'),
('Wout_Mertens', 4, 'BT5', 'Multilazy', 'A'),
('Wout_Mertens', 4, 'BT5', 'Insane', 'B'),
('Wout_Mertens', 4, 'BT6', 'Axel', 'A'),
('Wout_Mertens', 4, 'BT6', 'Insane', 'B'),
('Wout_Mertens', 4, 'BT7', 'Lewis', 'A'),
('Wout_Mertens', 4, 'BT7', 'Turtle (Backflip)', 'B'),
('Wout_Mertens', 4, 'BT8', 'Yoyo Multilazy', 'A'),
('Wout_Mertens', 4, 'BT8', 'Turtle (Backflip)', 'B'),
('Wout_Mertens', 4, 'BT9', 'YoFade', 'A'),
('Wout_Mertens', 4, 'BT9', '2 Tips Landing', 'B'),
('Wout_Mertens', 5, 'BT1', 'Lazy Susan', 'A'),
('Wout_Mertens', 5, 'BT1', 'Fade', 'B'),
('Wout_Mertens', 5, 'BT2', 'Double Axel', 'A'),
('Wout_Mertens', 5, 'BT2', 'Fade', 'B'),
('Wout_Mertens', 5, 'BT3', 'Multilazy', 'A');
INSERT INTO `balletlist` (`PilotUsername`, `CompetitionID`, `ScoreType`, `Trick`, `ListEnum`) VALUES
('Wout_Mertens', 5, 'BT3', 'Half Axel', 'B'),
('Wout_Mertens', 5, 'BT4', 'Yoyo', 'A'),
('Wout_Mertens', 5, 'BT4', 'Half Axel', 'B'),
('Wout_Mertens', 5, 'BT5', 'Multilazy', 'A'),
('Wout_Mertens', 5, 'BT5', 'Insane', 'B'),
('Wout_Mertens', 5, 'BT6', 'Axel', 'A'),
('Wout_Mertens', 5, 'BT6', 'Insane', 'B'),
('Wout_Mertens', 5, 'BT7', 'Lewis', 'A'),
('Wout_Mertens', 5, 'BT7', 'Turtle (Backflip)', 'B'),
('Wout_Mertens', 5, 'BT8', 'Yoyo Multilazy', 'A'),
('Wout_Mertens', 5, 'BT8', 'Turtle (Backflip)', 'B'),
('Wout_Mertens', 5, 'BT9', 'YoFade', 'A'),
('Wout_Mertens', 5, 'BT9', '2 Tips Landing', 'B'),
('Wout_Mertens', 6, 'BT1', 'Cascade', 'A'),
('Wout_Mertens', 6, 'BT1', 'Fade', 'B'),
('Wout_Mertens', 6, 'BT2', 'Comete', 'A'),
('Wout_Mertens', 6, 'BT2', 'Fade', 'B'),
('Wout_Mertens', 6, 'BT3', 'Multislot', 'A'),
('Wout_Mertens', 6, 'BT3', 'Half Axel', 'B'),
('Wout_Mertens', 6, 'BT4', 'Multilazy', 'A'),
('Wout_Mertens', 6, 'BT4', 'Half Axel', 'B'),
('Wout_Mertens', 6, 'BT5', 'Lewis', 'A'),
('Wout_Mertens', 6, 'BT5', 'Insane', 'B'),
('Wout_Mertens', 6, 'BT6', '540 Mutex', 'A'),
('Wout_Mertens', 6, 'BT6', 'Insane', 'B'),
('Wout_Mertens', 6, 'BT7', 'Rolling Cascade', 'A'),
('Wout_Mertens', 6, 'BT7', 'Turtle (Backflip)', 'B'),
('Wout_Mertens', 6, 'BT8', 'Comete', 'A'),
('Wout_Mertens', 6, 'BT8', 'Turtle (Backflip)', 'B'),
('Wout_Mertens', 6, 'BT9', 'Kombo', 'A'),
('Wout_Mertens', 6, 'BT9', '2 Tips Landing', 'B'),
('Wout_Mertens', 7, 'BT1', 'Lazy Susan', 'A'),
('Wout_Mertens', 7, 'BT1', 'Fade', 'B'),
('Wout_Mertens', 7, 'BT2', 'Double Axel', 'A'),
('Wout_Mertens', 7, 'BT2', 'Fade', 'B'),
('Wout_Mertens', 7, 'BT3', 'Multilazy', 'A'),
('Wout_Mertens', 7, 'BT3', 'Half Axel', 'B'),
('Wout_Mertens', 7, 'BT4', 'Yoyo', 'A'),
('Wout_Mertens', 7, 'BT4', 'Half Axel', 'B'),
('Wout_Mertens', 7, 'BT5', 'Multilazy', 'A'),
('Wout_Mertens', 7, 'BT5', 'Insane', 'B'),
('Wout_Mertens', 7, 'BT6', 'Axel', 'A'),
('Wout_Mertens', 7, 'BT6', 'Insane', 'B'),
('Wout_Mertens', 7, 'BT7', 'Lewis', 'A'),
('Wout_Mertens', 7, 'BT7', 'Turtle (Backflip)', 'B'),
('Wout_Mertens', 7, 'BT8', 'Yoyo Multilazy', 'A'),
('Wout_Mertens', 7, 'BT8', 'Turtle (Backflip)', 'B'),
('Wout_Mertens', 7, 'BT9', 'YoFade', 'A'),
('Wout_Mertens', 7, 'BT9', '2 Tips Landing', 'B'),
('Wout_Mertens', 9, 'BT1', 'Cascade', 'A'),
('Wout_Mertens', 9, 'BT1', 'Fade', 'B'),
('Wout_Mertens', 9, 'BT2', 'Comete', 'A'),
('Wout_Mertens', 9, 'BT2', 'Fade', 'B'),
('Wout_Mertens', 9, 'BT3', 'Multislot', 'A'),
('Wout_Mertens', 9, 'BT3', 'Half Axel', 'B'),
('Wout_Mertens', 9, 'BT4', 'Multilazy', 'A'),
('Wout_Mertens', 9, 'BT4', 'Half Axel', 'B'),
('Wout_Mertens', 9, 'BT5', 'Lewis', 'A'),
('Wout_Mertens', 9, 'BT5', 'Insane', 'B'),
('Wout_Mertens', 9, 'BT6', '540 Mutex', 'A'),
('Wout_Mertens', 9, 'BT6', 'Insane', 'B'),
('Wout_Mertens', 9, 'BT7', 'Rolling Cascade', 'A'),
('Wout_Mertens', 9, 'BT7', 'Turtle (Backflip)', 'B'),
('Wout_Mertens', 9, 'BT8', 'Comete', 'A'),
('Wout_Mertens', 9, 'BT8', 'Turtle (Backflip)', 'B'),
('Wout_Mertens', 9, 'BT9', 'Kombo', 'A'),
('Wout_Mertens', 9, 'BT9', '2 Tips Landing', 'B');

-- --------------------------------------------------------

--
-- Tabelstructuur voor tabel `ci_sessions`
--

CREATE TABLE `ci_sessions` (
  `id` varchar(40) NOT NULL,
  `ip_address` varchar(45) NOT NULL,
  `timestamp` int(10) UNSIGNED NOT NULL DEFAULT '0',
  `data` blob NOT NULL
) ENGINE=InnoDB DEFAULT CHARSET=latin1;

--
-- Gegevens worden geëxporteerd voor tabel `ci_sessions`
--

INSERT INTO `ci_sessions` (`id`, `ip_address`, `timestamp`, `data`) VALUES
('3428982268216eb7456b0f2930efa19a5b7a9bdd', '127.0.0.1', 1466007466, 0x5f5f63695f6c6173745f726567656e65726174657c693a313436363030373234333b6c6f676765645f696e7c613a323a7b733a383a22557365726e616d65223b733a353a2241646d696e223b733a31303a225065726d697373696f6e223b733a353a2241646d696e223b7d),
('eb173bed76cbd794429da3c4df83142cc0dae0d4', '127.0.0.1', 1466007836, 0x5f5f63695f6c6173745f726567656e65726174657c693a313436363030373538393b6c6f676765645f696e7c613a323a7b733a383a22557365726e616d65223b733a353a2241646d696e223b733a31303a225065726d697373696f6e223b733a353a2241646d696e223b7d),
('fd024880fa4afcc90e6be926d74545eeac3c29df', '127.0.0.1', 1466007962, 0x5f5f63695f6c6173745f726567656e65726174657c693a313436363030373839313b6c6f676765645f696e7c613a323a7b733a383a22557365726e616d65223b733a353a2241646d696e223b733a31303a225065726d697373696f6e223b733a353a2241646d696e223b7d),
('e21acb2730ffdcf09990c10d8fcd6c68f067935e', '127.0.0.1', 1466008724, 0x5f5f63695f6c6173745f726567656e65726174657c693a313436363030383434383b6c6f676765645f696e7c613a323a7b733a383a22557365726e616d65223b733a353a2241646d696e223b733a31303a225065726d697373696f6e223b733a353a2241646d696e223b7d),
('ea72c1f49e7bfc33972110f0af7b2468d147612c', '127.0.0.1', 1466009032, 0x5f5f63695f6c6173745f726567656e65726174657c693a313436363030383735353b6c6f676765645f696e7c613a323a7b733a383a22557365726e616d65223b733a353a2241646d696e223b733a31303a225065726d697373696f6e223b733a353a2241646d696e223b7d),
('a2c21e6153e0d8df4064958efa03a9c01e68ec70', '127.0.0.1', 1466009386, 0x5f5f63695f6c6173745f726567656e65726174657c693a313436363030393135333b6c6f676765645f696e7c613a323a7b733a383a22557365726e616d65223b733a353a2241646d696e223b733a31303a225065726d697373696f6e223b733a353a2241646d696e223b7d),
('1407060ffd601bb69cf4b16e39d79786b6533ef2', '127.0.0.1', 1466009626, 0x5f5f63695f6c6173745f726567656e65726174657c693a313436363030393632363b6c6f676765645f696e7c613a323a7b733a383a22557365726e616d65223b733a353a2241646d696e223b733a31303a225065726d697373696f6e223b733a353a2241646d696e223b7d),
('ed9aad43bddb116cf15101011b36b07954dd1a33', '127.0.0.1', 1466010307, 0x5f5f63695f6c6173745f726567656e65726174657c693a313436363031303132353b6c6f676765645f696e7c613a323a7b733a383a22557365726e616d65223b733a353a2241646d696e223b733a31303a225065726d697373696f6e223b733a353a2241646d696e223b7d),
('2dc49b4bc819dc793f5a31ae102940a3df70b5da', '127.0.0.1', 1466011714, 0x5f5f63695f6c6173745f726567656e65726174657c693a313436363031313432303b6c6f676765645f696e7c613a323a7b733a383a22557365726e616d65223b733a353a2241646d696e223b733a31303a225065726d697373696f6e223b733a353a2241646d696e223b7d),
('78d6606bc3a1d80b86d7c95a872220ffaf0eddc9', '127.0.0.1', 1466011787, 0x5f5f63695f6c6173745f726567656e65726174657c693a313436363031313732323b6c6f676765645f696e7c613a323a7b733a383a22557365726e616d65223b733a353a2241646d696e223b733a31303a225065726d697373696f6e223b733a353a2241646d696e223b7d),
('fbda8b95655228ab33ee4d0b6ad63d48e9f819bb', '127.0.0.1', 1466012695, 0x5f5f63695f6c6173745f726567656e65726174657c693a313436363031323430383b6c6f676765645f696e7c613a323a7b733a383a22557365726e616d65223b733a353a2241646d696e223b733a31303a225065726d697373696f6e223b733a353a2241646d696e223b7d),
('4d37392d21dd2fa7d65f476b9147d017871ab4d2', '127.0.0.1', 1466012998, 0x5f5f63695f6c6173745f726567656e65726174657c693a313436363031323732343b6c6f676765645f696e7c613a323a7b733a383a22557365726e616d65223b733a353a2241646d696e223b733a31303a225065726d697373696f6e223b733a353a2241646d696e223b7d),
('a3220e7b57c7640a60c54a8cb9a155e17f912714', '127.0.0.1', 1466013209, 0x5f5f63695f6c6173745f726567656e65726174657c693a313436363031333230363b6c6f676765645f696e7c613a323a7b733a383a22557365726e616d65223b733a353a2241646d696e223b733a31303a225065726d697373696f6e223b733a353a2241646d696e223b7d),
('0d58071891dc057a7f880832f8d4c807e260f3ab', '127.0.0.1', 1466014293, 0x5f5f63695f6c6173745f726567656e65726174657c693a313436363031343032363b6c6f676765645f696e7c613a323a7b733a383a22557365726e616d65223b733a31323a2241726e655f57696c6c656d73223b733a31303a225065726d697373696f6e223b733a353a2250696c6f74223b7d),
('c0d4981c944d3d2e717ad8fcdbbf795de66e687e', '127.0.0.1', 1466014689, 0x5f5f63695f6c6173745f726567656e65726174657c693a313436363031343437373b6c6f676765645f696e7c613a323a7b733a383a22557365726e616d65223b733a31303a224461616e5f4165727473223b733a31303a225065726d697373696f6e223b733a353a2250696c6f74223b7d),
('0d9a6976bc51e1592c2be7390236dcc71e1bdd51', '127.0.0.1', 1466015743, 0x5f5f63695f6c6173745f726567656e65726174657c693a313436363031353437333b6c6f676765645f696e7c613a323a7b733a383a22557365726e616d65223b733a31303a224c756361735f4d616573223b733a31303a225065726d697373696f6e223b733a353a2250696c6f74223b7d),
('0e2433ec870d40de4c5e27c7d1255904bf971bbc', '127.0.0.1', 1466016113, 0x5f5f63695f6c6173745f726567656e65726174657c693a313436363031353832313b6c6f676765645f696e7c613a323a7b733a383a22557365726e616d65223b733a31353a224e617468616e5f4a616e7373656e73223b733a31303a225065726d697373696f6e223b733a353a2250696c6f74223b7d),
('8add14e3760785fe4ca6c7bec3c710826d4dfed2', '127.0.0.1', 1466016497, 0x5f5f63695f6c6173745f726567656e65726174657c693a313436363031363230373b6c6f676765645f696e7c613a323a7b733a383a22557365726e616d65223b733a31333a2253657070655f44655f536d6574223b733a31303a225065726d697373696f6e223b733a353a2250696c6f74223b7d),
('948248662d2b4eb602e22ae4e38399ae6565ab6e', '127.0.0.1', 1466017023, 0x5f5f63695f6c6173745f726567656e65726174657c693a313436363031363736353b6c6f676765645f696e7c613a323a7b733a383a22557365726e616d65223b733a31313a2253696d6f6e5f436c616573223b733a31303a225065726d697373696f6e223b733a353a2250696c6f74223b7d),
('d04fa4efcec7cb64ef6ac83c00ca34787f6b4d0a', '127.0.0.1', 1466017474, 0x5f5f63695f6c6173745f726567656e65726174657c693a313436363031373138393b6c6f676765645f696e7c613a323a7b733a383a22557365726e616d65223b733a31343a2254686f6d61735f50656574657273223b733a31303a225065726d697373696f6e223b733a353a2250696c6f74223b7d),
('0dd87c5e4ee813ce06442529d8bf376759fd7568', '127.0.0.1', 1466018111, 0x5f5f63695f6c6173745f726567656e65726174657c693a313436363031373831333b6c6f676765645f696e7c613a323a7b733a383a22557365726e616d65223b733a31323a22576f75745f4d657274656e73223b733a31303a225065726d697373696f6e223b733a353a2250696c6f74223b7d),
('2b66d56481eef52b1cec704d1ca29ca936d9759f', '127.0.0.1', 1466018502, 0x5f5f63695f6c6173745f726567656e65726174657c693a313436363031383231303b6c6f676765645f696e7c613a323a7b733a383a22557365726e616d65223b733a31343a224669656c645f6469726563746f72223b733a31303a225065726d697373696f6e223b733a31343a224669656c64206469726563746f72223b7d),
('25e0b3b00adc62024092e18f6e82d50667d84c3a', '127.0.0.1', 1466018810, 0x5f5f63695f6c6173745f726567656e65726174657c693a313436363031383531353b6c6f676765645f696e7c613a323a7b733a383a22557365726e616d65223b733a363a224a7564676531223b733a31303a225065726d697373696f6e223b733a353a224a75646765223b7d),
('96ab132672efb90208f404059080517741529b49', '127.0.0.1', 1466019122, 0x5f5f63695f6c6173745f726567656e65726174657c693a313436363031393039383b6c6f676765645f696e7c613a323a7b733a383a22557365726e616d65223b733a31343a224669656c645f6469726563746f72223b733a31303a225065726d697373696f6e223b733a31343a224669656c64206469726563746f72223b7d);

-- --------------------------------------------------------

--
-- Tabelstructuur voor tabel `competition`
--

CREATE TABLE `competition` (
  `ID` int(11) NOT NULL,
  `Location` varchar(255) NOT NULL,
  `Date` date NOT NULL,
  `NumberOfJudges` int(11) NOT NULL
) ENGINE=InnoDB DEFAULT CHARSET=latin1;

--
-- Gegevens worden geëxporteerd voor tabel `competition`
--

INSERT INTO `competition` (`ID`, `Location`, `Date`, `NumberOfJudges`) VALUES
(3, 'Bray-Dunes', '2015-05-23', 1),
(4, 'Zeebrugge', '2016-05-01', 1),
(5, 'Den Helder', '2015-09-06', 1),
(6, 'Zeebrugge', '2015-05-03', 1),
(7, 'Bray-Dunes', '2016-05-15', 1),
(8, 'Den Helder', '2016-09-04', 1),
(9, 'Den Helder', '2014-09-07', 1);

-- --------------------------------------------------------

--
-- Tabelstructuur voor tabel `imposedtrick`
--

CREATE TABLE `imposedtrick` (
  `CompetitionID` int(11) NOT NULL,
  `ScoreType` varchar(255) NOT NULL,
  `Trick` varchar(255) NOT NULL
) ENGINE=InnoDB DEFAULT CHARSET=latin1;

--
-- Gegevens worden geëxporteerd voor tabel `imposedtrick`
--

INSERT INTO `imposedtrick` (`CompetitionID`, `ScoreType`, `Trick`) VALUES
(3, 'IT1A1', '540 Mutex'),
(3, 'IT1A2', '540 Mutex'),
(3, 'IT2A1', 'Multilazy'),
(3, 'IT2A2', 'Multilazy'),
(3, 'IT3A1', 'Side Slide'),
(3, 'IT3A2', 'Side Slide'),
(3, 'IT4A1', 'Kombo'),
(3, 'IT4A2', 'Kombo'),
(4, 'IT1A1', 'Yoyo Multilazy'),
(4, 'IT1A2', 'Yoyo Multilazy'),
(4, 'IT2A1', 'Crazy Copter'),
(4, 'IT2A2', 'Crazy Copter'),
(4, 'IT3A1', 'Cynique'),
(4, 'IT3A2', 'Cynique'),
(4, 'IT4A1', 'YoFade'),
(4, 'IT4A2', 'YoFade'),
(5, 'IT1A1', 'Stop (snapstall)'),
(5, 'IT1A2', 'Stop (snapstall)'),
(5, 'IT2A1', 'Lazy Susan'),
(5, 'IT2A2', 'Lazy Susan'),
(5, 'IT3A1', 'Jacobs Ladder'),
(5, 'IT3A2', 'Jacobs Ladder'),
(5, 'IT4A1', 'Backspin Cascade'),
(5, 'IT4A2', 'Backspin Cascade'),
(6, 'IT1A1', 'Half Axel'),
(6, 'IT1A2', 'Half Axel'),
(6, 'IT2A1', 'Fade'),
(6, 'IT2A2', 'Fade'),
(6, 'IT3A1', 'Backspins'),
(6, 'IT3A2', 'Backspins'),
(6, 'IT4A1', '540'),
(6, 'IT4A2', '540'),
(7, 'IT1A1', 'Rolling Cascade'),
(7, 'IT1A2', 'Rolling Cascade'),
(7, 'IT2A1', 'Cascade'),
(7, 'IT2A2', 'Cascade'),
(7, 'IT3A1', 'Half Axel'),
(7, 'IT3A2', 'Half Axel'),
(7, 'IT4A1', 'Kombo'),
(7, 'IT4A2', 'Kombo'),
(9, 'IT1A1', 'Yoyo Multilazy'),
(9, 'IT1A2', 'Yoyo Multilazy'),
(9, 'IT2A1', 'Rolling Susan'),
(9, 'IT2A2', 'Rolling Susan'),
(9, 'IT3A1', 'Axel'),
(9, 'IT3A2', 'Axel'),
(9, 'IT4A1', '2 Tips Landing'),
(9, 'IT4A2', '2 Tips Landing');

-- --------------------------------------------------------

--
-- Tabelstructuur voor tabel `login`
--

CREATE TABLE `login` (
  `Username` varchar(255) NOT NULL,
  `Password` varchar(255) NOT NULL,
  `Permission` varchar(255) NOT NULL
) ENGINE=InnoDB DEFAULT CHARSET=latin1;

--
-- Gegevens worden geëxporteerd voor tabel `login`
--

INSERT INTO `login` (`Username`, `Password`, `Permission`) VALUES
('Admin', '$2a$08$nXpRIJ6cc3Ih2kZH..PrVOlghrhGIIGew4fanKSIYaMAU1JxFCZHS', 'Admin'),
('Arne_Willems', '$2a$08$TbKESpIapDcRFA578WA5SOGxBLbUvaBM8yt00y8gqEeaWm4NXtPe6', 'Pilot'),
('Daan_Aerts', '$2a$08$Bo.eNlMrRExni.ne9WLx6ecq3S3VbcIn17HR.Zg.xJxMbj9UNs4sS', 'Pilot'),
('Field_director', '$2a$12$xu9kChiL6fHcKhHDEUhTme.mscmO.21nRxXqBrdfH1WisOTYy70Re', 'Field director'),
('Judge1', '$2a$12$3r0EI4iWJjpUVneYQOejeej69S43fbuGww5hEBpXlYOTu39.LReSa', 'Judge'),
('Judge2', '$2a$12$bdbjLOKmG1N4OGmLHg9xouAzbVM9bKD9tNpEu0sz6c3Tbeezw3L.a', 'Judge'),
('Judge3', '$2a$12$rZ.gC1SvE6f6bLZ3P3V4g.3/ohds5nXjOUedZ/Ayu0U0M2EZEwwMK', 'Judge'),
('Lars_Wouters', '$2a$08$U9cvnRVdrkVVmZ48Qf/VJOp48G.ybYAG0OfnzW/H7UVGMwO1Qe38C', 'Pilot'),
('Louis_Jacobs', '$2a$08$s2CfUFHJ.VhGKblN57IcZe126D7Vh/Iv5Vb..pnObhR5mx9OdwPiy', 'Pilot'),
('Lucas_Maes', '$2a$08$FbsacPQAo81sGHXLMHFBje2fPp8BIoO7GuqJwqEa5rvn8VaEq1Oke', 'Pilot'),
('Nathan_Janssens', '$2a$08$FIHWxHUGuvwKB8D15CaZOuZ6aYjn9M2b9/fLYcUZR3.n8HIlVH8zq', 'Pilot'),
('Seppe_De_Smet', '$2a$08$KcrFJMptc8xKAzAyH0sLVOl0gkPlJFaZy7ewKD.tn2EyyfYE0O9ae', 'Pilot'),
('Simon_Claes', '$2a$08$lcaok9G.18RMHNgGliWk9ebOUpXBNrBz/u.hoL24c6.q4bM57zBUy', 'Pilot'),
('Thomas_Peeters', '$2a$08$ScfbE5fpi1GOYep0iOv/a..uGSmWGISjbpe4Q0/H/YBFLAx8DmriW', 'Pilot'),
('Victor_Goossens', '$2a$08$xBmEWgsqvYyvLjfbG69SSuSAuOH97NfMNo64NlWv5Zp0Xae5CuvXy', 'Pilot'),
('Wout_Mertens', '$2a$08$TqcDw1syYJI1ciOxDHYG8uUgxSpeJPPx6PXf9A5rUmhev79pemx5y', 'Pilot');

-- --------------------------------------------------------

--
-- Tabelstructuur voor tabel `permission`
--

CREATE TABLE `permission` (
  `Permission` varchar(255) NOT NULL
) ENGINE=InnoDB DEFAULT CHARSET=latin1;

--
-- Gegevens worden geëxporteerd voor tabel `permission`
--

INSERT INTO `permission` (`Permission`) VALUES
('Admin'),
('Field director'),
('Judge'),
('Organizer'),
('Pilot');

-- --------------------------------------------------------

--
-- Tabelstructuur voor tabel `person`
--

CREATE TABLE `person` (
  `Username` varchar(255) NOT NULL,
  `FirstName` varchar(255) NOT NULL,
  `LastName` varchar(255) NOT NULL,
  `EmailAddress` varchar(255) NOT NULL
) ENGINE=InnoDB DEFAULT CHARSET=latin1;

--
-- Gegevens worden geëxporteerd voor tabel `person`
--

INSERT INTO `person` (`Username`, `FirstName`, `LastName`, `EmailAddress`) VALUES
('Arne_Willems', 'Arne', 'Willems', 'arne.willems@tricksparty.be'),
('Daan_Aerts', 'Daan', 'Aerts', 'daan.aerts@tricksparty.be'),
('Lars_Wouters', 'Lars', 'Wouters', 'lars.wouters@tricksparty.be'),
('Louis_Jacobs', 'Louis', 'Jacobs', 'louis.jacobs@tricksparty.be'),
('Lucas_Maes', 'Lucas', 'Maes', 'lucas.maes@tricksparty.be'),
('Nathan_Janssens', 'Nathan', 'Janssens', 'nathan.janssens@tricksparty.be'),
('Seppe_De_Smet', 'Seppe', 'De Smet', 'seppe.de.smet@tricksparty.be'),
('Simon_Claes', 'Simon', 'Claes', 'simon.claes@tricksparty.be'),
('Thomas_Peeters', 'Thomas', 'Peeters', 'thomas.peeters@tricksparty.be'),
('Victor_Goossens', 'Victor', 'Goossens', 'victor.goossens@tricksparty.be'),
('Wout_Mertens', 'Wout', 'Mertens', 'wout.mertens@tricksparty.be');

-- --------------------------------------------------------

--
-- Tabelstructuur voor tabel `ranking`
--

CREATE TABLE `ranking` (
  `ID` int(11) NOT NULL,
  `Location` varchar(255) NOT NULL,
  `Date` date NOT NULL,
  `PilotUsername` varchar(255) NOT NULL,
  `PilotFirstName` varchar(255) NOT NULL,
  `PilotLastName` varchar(255) NOT NULL,
  `PilotEmailAddress` varchar(255) NOT NULL,
  `NumberOfJudges` int(11) NOT NULL,
  `BalletTricksPercentage` int(11) NOT NULL,
  `ArtisticPercentage` int(11) NOT NULL,
  `ArtisticMultiplier` int(11) NOT NULL,
  `TechnicalPercentage` int(11) NOT NULL,
  `TechnicalMultiplier` int(11) NOT NULL,
  `ImposedTricksPercentage` int(11) NOT NULL,
  `FreeExpressionPercentage` int(11) NOT NULL
) ENGINE=InnoDB DEFAULT CHARSET=latin1;

-- --------------------------------------------------------

--
-- Tabelstructuur voor tabel `rankingscore`
--

CREATE TABLE `rankingscore` (
  `RankingID` int(11) NOT NULL,
  `ScoreType` varchar(255) NOT NULL,
  `Score` float NOT NULL,
  `Trick` varchar(255) DEFAULT NULL
) ENGINE=InnoDB DEFAULT CHARSET=latin1;

-- --------------------------------------------------------

--
-- Tabelstructuur voor tabel `resulttype`
--

CREATE TABLE `resulttype` (
  `ResultType` varchar(255) NOT NULL
) ENGINE=InnoDB DEFAULT CHARSET=latin1;

--
-- Gegevens worden geëxporteerd voor tabel `resulttype`
--

INSERT INTO `resulttype` (`ResultType`) VALUES
('1'),
('10'),
('11'),
('12'),
('13'),
('14'),
('15'),
('16'),
('17'),
('18'),
('19'),
('2'),
('20'),
('3'),
('4'),
('5'),
('6'),
('7'),
('8'),
('9'),
('Average'),
('Bad'),
('Excellent'),
('Good');

-- --------------------------------------------------------

--
-- Tabelstructuur voor tabel `score`
--

CREATE TABLE `score` (
  `CompetitionID` int(11) NOT NULL,
  `JudgeUsername` varchar(255) NOT NULL,
  `PilotUsername` varchar(255) NOT NULL,
  `ScoreType` varchar(255) NOT NULL,
  `ResultType` varchar(255) NOT NULL
) ENGINE=InnoDB DEFAULT CHARSET=latin1;

--
-- Gegevens worden geëxporteerd voor tabel `score`
--

INSERT INTO `score` (`CompetitionID`, `JudgeUsername`, `PilotUsername`, `ScoreType`, `ResultType`) VALUES
(9, 'Judge1', 'Arne_Willems', 'Artistic', '12'),
(9, 'Judge1', 'Arne_Willems', 'BT1', 'Good'),
(9, 'Judge1', 'Arne_Willems', 'BT2', 'Good'),
(9, 'Judge1', 'Arne_Willems', 'BT3', 'Bad'),
(9, 'Judge1', 'Arne_Willems', 'BT4', 'Good'),
(9, 'Judge1', 'Arne_Willems', 'BT5', 'Average'),
(9, 'Judge1', 'Arne_Willems', 'BT6', 'Bad'),
(9, 'Judge1', 'Arne_Willems', 'BT7', 'Good'),
(9, 'Judge1', 'Arne_Willems', 'BT8', 'Good'),
(9, 'Judge1', 'Arne_Willems', 'BT9', 'Average'),
(9, 'Judge1', 'Arne_Willems', 'Free expression', '5'),
(9, 'Judge1', 'Arne_Willems', 'IT1A1', '6'),
(9, 'Judge1', 'Arne_Willems', 'IT1A2', '8'),
(9, 'Judge1', 'Arne_Willems', 'IT2A1', '6'),
(9, 'Judge1', 'Arne_Willems', 'IT2A2', '6'),
(9, 'Judge1', 'Arne_Willems', 'IT3A1', '1'),
(9, 'Judge1', 'Arne_Willems', 'IT3A2', '8'),
(9, 'Judge1', 'Arne_Willems', 'IT4A1', '7'),
(9, 'Judge1', 'Arne_Willems', 'IT4A2', '1'),
(9, 'Judge1', 'Arne_Willems', 'Technical', '13'),
(9, 'Judge1', 'Daan_Aerts', 'Artistic', '4'),
(9, 'Judge1', 'Daan_Aerts', 'BT1', 'Good'),
(9, 'Judge1', 'Daan_Aerts', 'BT2', 'Average'),
(9, 'Judge1', 'Daan_Aerts', 'BT3', 'Bad'),
(9, 'Judge1', 'Daan_Aerts', 'BT4', 'Bad'),
(9, 'Judge1', 'Daan_Aerts', 'BT5', 'Bad'),
(9, 'Judge1', 'Daan_Aerts', 'BT6', 'Bad'),
(9, 'Judge1', 'Daan_Aerts', 'BT7', 'Bad'),
(9, 'Judge1', 'Daan_Aerts', 'BT8', 'Good'),
(9, 'Judge1', 'Daan_Aerts', 'BT9', 'Bad'),
(9, 'Judge1', 'Daan_Aerts', 'Free expression', '4'),
(9, 'Judge1', 'Daan_Aerts', 'IT1A1', '6'),
(9, 'Judge1', 'Daan_Aerts', 'IT1A2', '1'),
(9, 'Judge1', 'Daan_Aerts', 'IT2A1', '5'),
(9, 'Judge1', 'Daan_Aerts', 'IT2A2', '4'),
(9, 'Judge1', 'Daan_Aerts', 'IT3A1', '1'),
(9, 'Judge1', 'Daan_Aerts', 'IT3A2', '1'),
(9, 'Judge1', 'Daan_Aerts', 'IT4A1', '5'),
(9, 'Judge1', 'Daan_Aerts', 'IT4A2', '1'),
(9, 'Judge1', 'Daan_Aerts', 'Technical', '4'),
(9, 'Judge1', 'Lars_Wouters', 'Artistic', '5'),
(9, 'Judge1', 'Lars_Wouters', 'BT1', 'Good'),
(9, 'Judge1', 'Lars_Wouters', 'BT2', 'Average'),
(9, 'Judge1', 'Lars_Wouters', 'BT3', 'Good'),
(9, 'Judge1', 'Lars_Wouters', 'BT4', 'Good'),
(9, 'Judge1', 'Lars_Wouters', 'BT5', 'Bad'),
(9, 'Judge1', 'Lars_Wouters', 'BT6', 'Average'),
(9, 'Judge1', 'Lars_Wouters', 'BT7', 'Bad'),
(9, 'Judge1', 'Lars_Wouters', 'BT8', 'Good'),
(9, 'Judge1', 'Lars_Wouters', 'BT9', 'Bad'),
(9, 'Judge1', 'Lars_Wouters', 'Free expression', '6'),
(9, 'Judge1', 'Lars_Wouters', 'IT1A1', '5'),
(9, 'Judge1', 'Lars_Wouters', 'IT1A2', '1'),
(9, 'Judge1', 'Lars_Wouters', 'IT2A1', '1'),
(9, 'Judge1', 'Lars_Wouters', 'IT2A2', '1'),
(9, 'Judge1', 'Lars_Wouters', 'IT3A1', '1'),
(9, 'Judge1', 'Lars_Wouters', 'IT3A2', '1'),
(9, 'Judge1', 'Lars_Wouters', 'IT4A1', '1'),
(9, 'Judge1', 'Lars_Wouters', 'IT4A2', '1'),
(9, 'Judge1', 'Lars_Wouters', 'Technical', '3'),
(9, 'Judge1', 'Louis_Jacobs', 'Artistic', '4'),
(9, 'Judge1', 'Louis_Jacobs', 'BT1', 'Bad'),
(9, 'Judge1', 'Louis_Jacobs', 'BT2', 'Average'),
(9, 'Judge1', 'Louis_Jacobs', 'BT3', 'Bad'),
(9, 'Judge1', 'Louis_Jacobs', 'BT4', 'Bad'),
(9, 'Judge1', 'Louis_Jacobs', 'BT5', 'Bad'),
(9, 'Judge1', 'Louis_Jacobs', 'BT6', 'Good'),
(9, 'Judge1', 'Louis_Jacobs', 'BT7', 'Bad'),
(9, 'Judge1', 'Louis_Jacobs', 'BT8', 'Bad'),
(9, 'Judge1', 'Louis_Jacobs', 'BT9', 'Bad'),
(9, 'Judge1', 'Louis_Jacobs', 'Free expression', '7'),
(9, 'Judge1', 'Louis_Jacobs', 'IT1A1', '7'),
(9, 'Judge1', 'Louis_Jacobs', 'IT1A2', '1'),
(9, 'Judge1', 'Louis_Jacobs', 'IT2A1', '4'),
(9, 'Judge1', 'Louis_Jacobs', 'IT2A2', '6'),
(9, 'Judge1', 'Louis_Jacobs', 'IT3A1', '1'),
(9, 'Judge1', 'Louis_Jacobs', 'IT3A2', '1'),
(9, 'Judge1', 'Louis_Jacobs', 'IT4A1', '1'),
(9, 'Judge1', 'Louis_Jacobs', 'IT4A2', '5'),
(9, 'Judge1', 'Louis_Jacobs', 'Technical', '3'),
(9, 'Judge1', 'Lucas_Maes', 'Artistic', '11'),
(9, 'Judge1', 'Lucas_Maes', 'BT1', 'Good'),
(9, 'Judge1', 'Lucas_Maes', 'BT2', 'Bad'),
(9, 'Judge1', 'Lucas_Maes', 'BT3', 'Good'),
(9, 'Judge1', 'Lucas_Maes', 'BT4', 'Good'),
(9, 'Judge1', 'Lucas_Maes', 'BT5', 'Excellent'),
(9, 'Judge1', 'Lucas_Maes', 'BT6', 'Good'),
(9, 'Judge1', 'Lucas_Maes', 'BT7', 'Bad'),
(9, 'Judge1', 'Lucas_Maes', 'BT8', 'Bad'),
(9, 'Judge1', 'Lucas_Maes', 'BT9', 'Excellent'),
(9, 'Judge1', 'Lucas_Maes', 'Free expression', '4'),
(9, 'Judge1', 'Lucas_Maes', 'IT1A1', '4'),
(9, 'Judge1', 'Lucas_Maes', 'IT1A2', '5'),
(9, 'Judge1', 'Lucas_Maes', 'IT2A1', '2'),
(9, 'Judge1', 'Lucas_Maes', 'IT2A2', '1'),
(9, 'Judge1', 'Lucas_Maes', 'IT3A1', '1'),
(9, 'Judge1', 'Lucas_Maes', 'IT3A2', '1'),
(9, 'Judge1', 'Lucas_Maes', 'IT4A1', '1'),
(9, 'Judge1', 'Lucas_Maes', 'IT4A2', '3'),
(9, 'Judge1', 'Lucas_Maes', 'Technical', '11'),
(9, 'Judge1', 'Nathan_Janssens', 'Artistic', '10'),
(9, 'Judge1', 'Nathan_Janssens', 'BT1', 'Average'),
(9, 'Judge1', 'Nathan_Janssens', 'BT2', 'Average'),
(9, 'Judge1', 'Nathan_Janssens', 'BT3', 'Average'),
(9, 'Judge1', 'Nathan_Janssens', 'BT4', 'Good'),
(9, 'Judge1', 'Nathan_Janssens', 'BT5', 'Bad'),
(9, 'Judge1', 'Nathan_Janssens', 'BT6', 'Good'),
(9, 'Judge1', 'Nathan_Janssens', 'BT7', 'Good'),
(9, 'Judge1', 'Nathan_Janssens', 'BT8', 'Good'),
(9, 'Judge1', 'Nathan_Janssens', 'BT9', 'Good'),
(9, 'Judge1', 'Nathan_Janssens', 'Free expression', '2'),
(9, 'Judge1', 'Nathan_Janssens', 'IT1A1', '1'),
(9, 'Judge1', 'Nathan_Janssens', 'IT1A2', '6'),
(9, 'Judge1', 'Nathan_Janssens', 'IT2A1', '1'),
(9, 'Judge1', 'Nathan_Janssens', 'IT2A2', '2'),
(9, 'Judge1', 'Nathan_Janssens', 'IT3A1', '1'),
(9, 'Judge1', 'Nathan_Janssens', 'IT3A2', '1'),
(9, 'Judge1', 'Nathan_Janssens', 'IT4A1', '1'),
(9, 'Judge1', 'Nathan_Janssens', 'IT4A2', '1'),
(9, 'Judge1', 'Nathan_Janssens', 'Technical', '7'),
(9, 'Judge1', 'Seppe_De_Smet', 'Artistic', '8'),
(9, 'Judge1', 'Seppe_De_Smet', 'BT1', 'Average'),
(9, 'Judge1', 'Seppe_De_Smet', 'BT2', 'Good'),
(9, 'Judge1', 'Seppe_De_Smet', 'BT3', 'Good'),
(9, 'Judge1', 'Seppe_De_Smet', 'BT4', 'Bad'),
(9, 'Judge1', 'Seppe_De_Smet', 'BT5', 'Average'),
(9, 'Judge1', 'Seppe_De_Smet', 'BT6', 'Good'),
(9, 'Judge1', 'Seppe_De_Smet', 'BT7', 'Average'),
(9, 'Judge1', 'Seppe_De_Smet', 'BT8', 'Good'),
(9, 'Judge1', 'Seppe_De_Smet', 'BT9', 'Good'),
(9, 'Judge1', 'Seppe_De_Smet', 'Free expression', '4'),
(9, 'Judge1', 'Seppe_De_Smet', 'IT1A1', '6'),
(9, 'Judge1', 'Seppe_De_Smet', 'IT1A2', '1'),
(9, 'Judge1', 'Seppe_De_Smet', 'IT2A1', '5'),
(9, 'Judge1', 'Seppe_De_Smet', 'IT2A2', '5'),
(9, 'Judge1', 'Seppe_De_Smet', 'IT3A1', '1'),
(9, 'Judge1', 'Seppe_De_Smet', 'IT3A2', '1'),
(9, 'Judge1', 'Seppe_De_Smet', 'IT4A1', '1'),
(9, 'Judge1', 'Seppe_De_Smet', 'IT4A2', '2'),
(9, 'Judge1', 'Seppe_De_Smet', 'Technical', '12'),
(9, 'Judge1', 'Simon_Claes', 'Artistic', '5'),
(9, 'Judge1', 'Simon_Claes', 'BT1', 'Good'),
(9, 'Judge1', 'Simon_Claes', 'BT2', 'Bad'),
(9, 'Judge1', 'Simon_Claes', 'BT3', 'Average'),
(9, 'Judge1', 'Simon_Claes', 'BT4', 'Good'),
(9, 'Judge1', 'Simon_Claes', 'BT5', 'Average'),
(9, 'Judge1', 'Simon_Claes', 'BT6', 'Average'),
(9, 'Judge1', 'Simon_Claes', 'BT7', 'Bad'),
(9, 'Judge1', 'Simon_Claes', 'BT8', 'Average'),
(9, 'Judge1', 'Simon_Claes', 'BT9', 'Bad'),
(9, 'Judge1', 'Simon_Claes', 'Free expression', '7'),
(9, 'Judge1', 'Simon_Claes', 'IT1A1', '8'),
(9, 'Judge1', 'Simon_Claes', 'IT1A2', '5'),
(9, 'Judge1', 'Simon_Claes', 'IT2A1', '5'),
(9, 'Judge1', 'Simon_Claes', 'IT2A2', '5'),
(9, 'Judge1', 'Simon_Claes', 'IT3A1', '1'),
(9, 'Judge1', 'Simon_Claes', 'IT3A2', '5'),
(9, 'Judge1', 'Simon_Claes', 'IT4A1', '5'),
(9, 'Judge1', 'Simon_Claes', 'IT4A2', '5'),
(9, 'Judge1', 'Simon_Claes', 'Technical', '11'),
(9, 'Judge1', 'Thomas_Peeters', 'Artistic', '2'),
(9, 'Judge1', 'Thomas_Peeters', 'BT1', 'Good'),
(9, 'Judge1', 'Thomas_Peeters', 'BT2', 'Good'),
(9, 'Judge1', 'Thomas_Peeters', 'BT3', 'Average'),
(9, 'Judge1', 'Thomas_Peeters', 'BT4', 'Average'),
(9, 'Judge1', 'Thomas_Peeters', 'BT5', 'Average'),
(9, 'Judge1', 'Thomas_Peeters', 'BT6', 'Bad'),
(9, 'Judge1', 'Thomas_Peeters', 'BT7', 'Bad'),
(9, 'Judge1', 'Thomas_Peeters', 'BT8', 'Good'),
(9, 'Judge1', 'Thomas_Peeters', 'BT9', 'Bad'),
(9, 'Judge1', 'Thomas_Peeters', 'Free expression', '4'),
(9, 'Judge1', 'Thomas_Peeters', 'IT1A1', '8'),
(9, 'Judge1', 'Thomas_Peeters', 'IT1A2', '1'),
(9, 'Judge1', 'Thomas_Peeters', 'IT2A1', '5'),
(9, 'Judge1', 'Thomas_Peeters', 'IT2A2', '6'),
(9, 'Judge1', 'Thomas_Peeters', 'IT3A1', '7'),
(9, 'Judge1', 'Thomas_Peeters', 'IT3A2', '7'),
(9, 'Judge1', 'Thomas_Peeters', 'IT4A1', '5'),
(9, 'Judge1', 'Thomas_Peeters', 'IT4A2', '1'),
(9, 'Judge1', 'Thomas_Peeters', 'Technical', '2'),
(9, 'Judge1', 'Victor_Goossens', 'Artistic', '10'),
(9, 'Judge1', 'Victor_Goossens', 'BT1', 'Bad'),
(9, 'Judge1', 'Victor_Goossens', 'BT2', 'Bad'),
(9, 'Judge1', 'Victor_Goossens', 'BT3', 'Average'),
(9, 'Judge1', 'Victor_Goossens', 'BT4', 'Good'),
(9, 'Judge1', 'Victor_Goossens', 'BT5', 'Average'),
(9, 'Judge1', 'Victor_Goossens', 'BT6', 'Bad'),
(9, 'Judge1', 'Victor_Goossens', 'BT7', 'Average'),
(9, 'Judge1', 'Victor_Goossens', 'BT8', 'Good'),
(9, 'Judge1', 'Victor_Goossens', 'BT9', 'Good'),
(9, 'Judge1', 'Victor_Goossens', 'Free expression', '6'),
(9, 'Judge1', 'Victor_Goossens', 'IT1A1', '8'),
(9, 'Judge1', 'Victor_Goossens', 'IT1A2', '2'),
(9, 'Judge1', 'Victor_Goossens', 'IT2A1', '2'),
(9, 'Judge1', 'Victor_Goossens', 'IT2A2', '8'),
(9, 'Judge1', 'Victor_Goossens', 'IT3A1', '1'),
(9, 'Judge1', 'Victor_Goossens', 'IT3A2', '1'),
(9, 'Judge1', 'Victor_Goossens', 'IT4A1', '1'),
(9, 'Judge1', 'Victor_Goossens', 'IT4A2', '7'),
(9, 'Judge1', 'Victor_Goossens', 'Technical', '10'),
(9, 'Judge1', 'Wout_Mertens', 'Artistic', '12'),
(9, 'Judge1', 'Wout_Mertens', 'BT1', 'Average'),
(9, 'Judge1', 'Wout_Mertens', 'BT2', 'Good'),
(9, 'Judge1', 'Wout_Mertens', 'BT3', 'Average'),
(9, 'Judge1', 'Wout_Mertens', 'BT4', 'Good'),
(9, 'Judge1', 'Wout_Mertens', 'BT5', 'Good'),
(9, 'Judge1', 'Wout_Mertens', 'BT6', 'Bad'),
(9, 'Judge1', 'Wout_Mertens', 'BT7', 'Good'),
(9, 'Judge1', 'Wout_Mertens', 'BT8', 'Excellent'),
(9, 'Judge1', 'Wout_Mertens', 'BT9', 'Good'),
(9, 'Judge1', 'Wout_Mertens', 'Free expression', '5'),
(9, 'Judge1', 'Wout_Mertens', 'IT1A1', '5'),
(9, 'Judge1', 'Wout_Mertens', 'IT1A2', '2'),
(9, 'Judge1', 'Wout_Mertens', 'IT2A1', '5'),
(9, 'Judge1', 'Wout_Mertens', 'IT2A2', '7'),
(9, 'Judge1', 'Wout_Mertens', 'IT3A1', '6'),
(9, 'Judge1', 'Wout_Mertens', 'IT3A2', '7'),
(9, 'Judge1', 'Wout_Mertens', 'IT4A1', '3'),
(9, 'Judge1', 'Wout_Mertens', 'IT4A2', '1'),
(9, 'Judge1', 'Wout_Mertens', 'Technical', '12');

-- --------------------------------------------------------

--
-- Tabelstructuur voor tabel `scoretype`
--

CREATE TABLE `scoretype` (
  `ScoreType` varchar(255) NOT NULL
) ENGINE=InnoDB DEFAULT CHARSET=latin1;

--
-- Gegevens worden geëxporteerd voor tabel `scoretype`
--

INSERT INTO `scoretype` (`ScoreType`) VALUES
('Artistic'),
('BT1'),
('BT2'),
('BT3'),
('BT4'),
('BT5'),
('BT6'),
('BT7'),
('BT8'),
('BT9'),
('Free expression'),
('IT1A1'),
('IT1A2'),
('IT2A1'),
('IT2A2'),
('IT3A1'),
('IT3A2'),
('IT4A1'),
('IT4A2'),
('Technical');

-- --------------------------------------------------------

--
-- Tabelstructuur voor tabel `selectedballetlist`
--

CREATE TABLE `selectedballetlist` (
  `PilotUsername` varchar(255) NOT NULL,
  `CompetitionID` int(11) NOT NULL,
  `ListEnum` enum('A','B') NOT NULL
) ENGINE=InnoDB DEFAULT CHARSET=latin1;

--
-- Gegevens worden geëxporteerd voor tabel `selectedballetlist`
--

INSERT INTO `selectedballetlist` (`PilotUsername`, `CompetitionID`, `ListEnum`) VALUES
('Arne_Willems', 9, 'A'),
('Daan_Aerts', 9, 'A'),
('Lars_Wouters', 9, 'A'),
('Louis_Jacobs', 9, 'A'),
('Lucas_Maes', 9, 'A'),
('Nathan_Janssens', 9, 'A'),
('Seppe_De_Smet', 9, 'A'),
('Simon_Claes', 9, 'A'),
('Thomas_Peeters', 9, 'A'),
('Victor_Goossens', 9, 'A'),
('Wout_Mertens', 9, 'A');

-- --------------------------------------------------------

--
-- Tabelstructuur voor tabel `trick`
--

CREATE TABLE `trick` (
  `Trick` varchar(255) NOT NULL,
  `TrickGroup` int(11) NOT NULL
) ENGINE=InnoDB DEFAULT CHARSET=latin1;

--
-- Gegevens worden geëxporteerd voor tabel `trick`
--

INSERT INTO `trick` (`Trick`, `TrickGroup`) VALUES
('2 Tips Landing', 2),
('360°', 2),
('540', 3),
('540 Mutex', 4),
('Axel', 2),
('Backspin Cascade', 4),
('Backspins', 3),
('Cascade', 2),
('Cascade Comete', 5),
('Coin Toss', 2),
('Comete', 4),
('Crazy Copter', 5),
('Cynique', 5),
('Double Axel', 4),
('Duplex', 4),
('Fade', 1),
('Flapjack', 2),
('Flic Flac (pancake)', 2),
('Half Axel', 1),
('Insane', 1),
('Insane left-right', 3),
('Jacobs Ladder', 3),
('K2000', 3),
('Kombo', 2),
('La Dole', 5),
('Lazy Susan', 2),
('Lewis', 3),
('Multi Yoyo', 5),
('Multilazy', 3),
('Multislot', 4),
('Pinwheel (Helicopter)', 3),
('Refueling', 2),
('Reverse Rolling', 3),
('Reversed Coin Toss', 3),
('Reversed Flic-Flac', 3),
('Rolling Cascade', 3),
('Rolling Susan', 2),
('Side Slide', 3),
('Slotmachine', 3),
('Spike', 3),
('Stop (snapstall)', 2),
('Tazmachine', 4),
('Torpille', 4),
('Turtle (Backflip)', 1),
('Wap Doo Wap', 4),
('YoFade', 4),
('YoFade Backspins', 5),
('Yoyo', 3),
('Yoyo Multilazy', 5),
('Yoyo Take-off', 4);

-- --------------------------------------------------------

--
-- Tabelstructuur voor tabel `trickgroup`
--

CREATE TABLE `trickgroup` (
  `TrickGroup` int(11) NOT NULL,
  `ResultType` varchar(255) NOT NULL,
  `Score` int(11) NOT NULL
) ENGINE=InnoDB DEFAULT CHARSET=latin1;

--
-- Gegevens worden geëxporteerd voor tabel `trickgroup`
--

INSERT INTO `trickgroup` (`TrickGroup`, `ResultType`, `Score`) VALUES
(1, 'Average', 2),
(1, 'Bad', 0),
(1, 'Excellent', 6),
(1, 'Good', 4),
(2, 'Average', 3),
(2, 'Bad', 0),
(2, 'Excellent', 9),
(2, 'Good', 6),
(3, 'Average', 4),
(3, 'Bad', 0),
(3, 'Excellent', 12),
(3, 'Good', 8),
(4, 'Average', 5),
(4, 'Bad', 0),
(4, 'Excellent', 15),
(4, 'Good', 10),
(5, 'Average', 6),
(5, 'Bad', 0),
(5, 'Excellent', 18),
(5, 'Good', 12);

--
-- Indexen voor geëxporteerde tabellen
--

--
-- Indexen voor tabel `balletlist`
--
ALTER TABLE `balletlist`
  ADD PRIMARY KEY (`PilotUsername`,`CompetitionID`,`ScoreType`,`ListEnum`),
  ADD KEY `FK_CompetitionID` (`CompetitionID`);

--
-- Indexen voor tabel `ci_sessions`
--
ALTER TABLE `ci_sessions`
  ADD KEY `ci_sessions_timestamp` (`timestamp`);

--
-- Indexen voor tabel `competition`
--
ALTER TABLE `competition`
  ADD PRIMARY KEY (`ID`);

--
-- Indexen voor tabel `imposedtrick`
--
ALTER TABLE `imposedtrick`
  ADD PRIMARY KEY (`CompetitionID`,`ScoreType`);

--
-- Indexen voor tabel `login`
--
ALTER TABLE `login`
  ADD PRIMARY KEY (`Username`);

--
-- Indexen voor tabel `permission`
--
ALTER TABLE `permission`
  ADD PRIMARY KEY (`Permission`);

--
-- Indexen voor tabel `person`
--
ALTER TABLE `person`
  ADD PRIMARY KEY (`Username`);

--
-- Indexen voor tabel `ranking`
--
ALTER TABLE `ranking`
  ADD PRIMARY KEY (`ID`);

--
-- Indexen voor tabel `rankingscore`
--
ALTER TABLE `rankingscore`
  ADD PRIMARY KEY (`RankingID`,`ScoreType`);

--
-- Indexen voor tabel `resulttype`
--
ALTER TABLE `resulttype`
  ADD PRIMARY KEY (`ResultType`);

--
-- Indexen voor tabel `score`
--
ALTER TABLE `score`
  ADD PRIMARY KEY (`CompetitionID`,`JudgeUsername`,`PilotUsername`,`ScoreType`);

--
-- Indexen voor tabel `scoretype`
--
ALTER TABLE `scoretype`
  ADD PRIMARY KEY (`ScoreType`);

--
-- Indexen voor tabel `selectedballetlist`
--
ALTER TABLE `selectedballetlist`
  ADD PRIMARY KEY (`PilotUsername`,`CompetitionID`);

--
-- Indexen voor tabel `trick`
--
ALTER TABLE `trick`
  ADD PRIMARY KEY (`Trick`);

--
-- Indexen voor tabel `trickgroup`
--
ALTER TABLE `trickgroup`
  ADD PRIMARY KEY (`TrickGroup`,`ResultType`);

--
-- AUTO_INCREMENT voor geëxporteerde tabellen
--

--
-- AUTO_INCREMENT voor een tabel `competition`
--
ALTER TABLE `competition`
  MODIFY `ID` int(11) NOT NULL AUTO_INCREMENT, AUTO_INCREMENT=10;
--
-- AUTO_INCREMENT voor een tabel `ranking`
--
ALTER TABLE `ranking`
  MODIFY `ID` int(11) NOT NULL AUTO_INCREMENT, AUTO_INCREMENT=9;
/*!40101 SET CHARACTER_SET_CLIENT=@OLD_CHARACTER_SET_CLIENT */;
/*!40101 SET CHARACTER_SET_RESULTS=@OLD_CHARACTER_SET_RESULTS */;
/*!40101 SET COLLATION_CONNECTION=@OLD_COLLATION_CONNECTION */;
