-- phpMyAdmin SQL Dump
-- version 4.5.1
-- http://www.phpmyadmin.net
--
-- Host: 127.0.0.1
-- Gegenereerd op: 08 jun 2016 om 04:50
-- Serverversie: 10.1.13-MariaDB
-- PHP-versie: 5.6.21

SET SQL_MODE = "NO_AUTO_VALUE_ON_ZERO";
SET time_zone = "+00:00";


/*!40101 SET @OLD_CHARACTER_SET_CLIENT=@@CHARACTER_SET_CLIENT */;
/*!40101 SET @OLD_CHARACTER_SET_RESULTS=@@CHARACTER_SET_RESULTS */;
/*!40101 SET @OLD_COLLATION_CONNECTION=@@COLLATION_CONNECTION */;
/*!40101 SET NAMES utf8mb4 */;

--
-- Database: `tricksparty`
--

-- --------------------------------------------------------

--
-- Tabelstructuur voor tabel `balletlist`
--

CREATE TABLE `balletlist` (
  `PilotUsername` varchar(255) NOT NULL,
  `CompetitionID` int(11) NOT NULL,
  `ScoreType` varchar(255) NOT NULL,
  `Trick` varchar(255) NOT NULL,
  `ListEnum` enum('A','B') NOT NULL
) ENGINE=InnoDB DEFAULT CHARSET=latin1;

--
-- Gegevens worden geëxporteerd voor tabel `balletlist`
--

INSERT INTO `balletlist` (`PilotUsername`, `CompetitionID`, `ScoreType`, `Trick`, `ListEnum`) VALUES
('Krijn_Hemminga', 2, 'BT1', '2 Tips Landing', 'A'),
('Krijn_Hemminga', 2, 'BT1', '540', 'B'),
('Krijn_Hemminga', 2, 'BT2', '2 Tips Landing', 'A'),
('Krijn_Hemminga', 2, 'BT2', '540', 'B'),
('Krijn_Hemminga', 2, 'BT3', '360°', 'A'),
('Krijn_Hemminga', 2, 'BT3', 'Backspins', 'B'),
('Krijn_Hemminga', 2, 'BT4', '360°', 'A'),
('Krijn_Hemminga', 2, 'BT4', 'Backspins', 'B'),
('Krijn_Hemminga', 2, 'BT5', 'Axel', 'A'),
('Krijn_Hemminga', 2, 'BT5', 'Insane left-right', 'B'),
('Krijn_Hemminga', 2, 'BT6', 'Axel', 'A'),
('Krijn_Hemminga', 2, 'BT6', 'Insane left-right', 'B'),
('Krijn_Hemminga', 2, 'BT7', 'Cascade', 'A'),
('Krijn_Hemminga', 2, 'BT7', 'Jacobs Ladder', 'B'),
('Krijn_Hemminga', 2, 'BT8', 'Cascade', 'A'),
('Krijn_Hemminga', 2, 'BT8', 'Jacobs Ladder', 'B'),
('Krijn_Hemminga', 2, 'BT9', 'Coin Toss', 'A'),
('Krijn_Hemminga', 2, 'BT9', 'K2000', 'B'),
('Wouter_Eskens', 2, 'BT1', '2 Tips Landing', 'A'),
('Wouter_Eskens', 2, 'BT1', '2 Tips Landing', 'B'),
('Wouter_Eskens', 2, 'BT2', '2 Tips Landing', 'A'),
('Wouter_Eskens', 2, 'BT2', '2 Tips Landing', 'B'),
('Wouter_Eskens', 2, 'BT3', '360°', 'A'),
('Wouter_Eskens', 2, 'BT3', '360°', 'B'),
('Wouter_Eskens', 2, 'BT4', '360°', 'A'),
('Wouter_Eskens', 2, 'BT4', '360°', 'B'),
('Wouter_Eskens', 2, 'BT5', 'Axel', 'A'),
('Wouter_Eskens', 2, 'BT5', 'Axel', 'B'),
('Wouter_Eskens', 2, 'BT6', 'Axel', 'A'),
('Wouter_Eskens', 2, 'BT6', 'Axel', 'B'),
('Wouter_Eskens', 2, 'BT7', 'Cascade', 'A'),
('Wouter_Eskens', 2, 'BT7', 'Cascade', 'B'),
('Wouter_Eskens', 2, 'BT8', 'Cascade', 'A'),
('Wouter_Eskens', 2, 'BT8', 'Cascade', 'B'),
('Wouter_Eskens', 2, 'BT9', 'Coin Toss', 'A'),
('Wouter_Eskens', 2, 'BT9', 'Coin Toss', 'B');

-- --------------------------------------------------------

--
-- Tabelstructuur voor tabel `ci_sessions`
--

CREATE TABLE `ci_sessions` (
  `id` varchar(40) NOT NULL,
  `ip_address` varchar(45) NOT NULL,
  `timestamp` int(10) UNSIGNED NOT NULL DEFAULT '0',
  `data` blob NOT NULL
) ENGINE=InnoDB DEFAULT CHARSET=latin1;

--
-- Gegevens worden geëxporteerd voor tabel `ci_sessions`
--

INSERT INTO `ci_sessions` (`id`, `ip_address`, `timestamp`, `data`) VALUES
('959f20f36a0f740dffbb0bbdf2b35c4f387c4aad', '::1', 1465210725, 0x5f5f63695f6c6173745f726567656e65726174657c693a313436353231303732353b),
('cc902cce893a77d9653c607e3f8ac4ed0bb1cdd5', '127.0.0.1', 1465210770, 0x5f5f63695f6c6173745f726567656e65726174657c693a313436353231303733303b6c6f676765645f696e7c613a323a7b733a383a22557365726e616d65223b733a363a224a7564676531223b733a31303a225065726d697373696f6e223b733a353a224a75646765223b7d),
('44ba4bfb6291c458ec4ff2fbb8e67245a5427cd7', '127.0.0.1', 1465211033, 0x5f5f63695f6c6173745f726567656e65726174657c693a313436353231313033333b6c6f676765645f696e7c613a323a7b733a383a22557365726e616d65223b733a363a224a7564676531223b733a31303a225065726d697373696f6e223b733a353a224a75646765223b7d),
('23f1fcfcc05c328d00326374dbd4c73e7cd6f66f', '127.0.0.1', 1465212042, 0x5f5f63695f6c6173745f726567656e65726174657c693a313436353231323032353b6c6f676765645f696e7c613a323a7b733a383a22557365726e616d65223b733a363a224a7564676531223b733a31303a225065726d697373696f6e223b733a353a224a75646765223b7d),
('4a98a83e78f36d2745cc421a99eb2f4e4d36f015', '127.0.0.1', 1465212652, 0x5f5f63695f6c6173745f726567656e65726174657c693a313436353231323336343b6c6f676765645f696e7c613a323a7b733a383a22557365726e616d65223b733a363a224a7564676531223b733a31303a225065726d697373696f6e223b733a353a224a75646765223b7d),
('cc73bb38477ab066fcccf6da74139965825a214a', '127.0.0.1', 1465212677, 0x5f5f63695f6c6173745f726567656e65726174657c693a313436353231323637373b6c6f676765645f696e7c613a323a7b733a383a22557365726e616d65223b733a363a224a7564676531223b733a31303a225065726d697373696f6e223b733a353a224a75646765223b7d),
('79037e1f5238dde77a08c7645676ae5a71fa43e5', '127.0.0.1', 1465213434, 0x5f5f63695f6c6173745f726567656e65726174657c693a313436353231333431373b6c6f676765645f696e7c613a323a7b733a383a22557365726e616d65223b733a363a224a7564676531223b733a31303a225065726d697373696f6e223b733a353a224a75646765223b7d),
('9947b91012a2606d3a6631c6a4fe3c22a11242f8', '127.0.0.1', 1465216422, 0x5f5f63695f6c6173745f726567656e65726174657c693a313436353231363235323b6c6f676765645f696e7c613a323a7b733a383a22557365726e616d65223b733a363a224a7564676531223b733a31303a225065726d697373696f6e223b733a353a224a75646765223b7d),
('86ce08ea5d82e9f04a42b5b7c4d27dbc6e870b5f', '127.0.0.1', 1465216941, 0x5f5f63695f6c6173745f726567656e65726174657c693a313436353231363734313b6c6f676765645f696e7c613a323a7b733a383a22557365726e616d65223b733a363a224a7564676531223b733a31303a225065726d697373696f6e223b733a353a224a75646765223b7d),
('1315f508f906a28f8311d724514e8ccd8dd1a3f0', '127.0.0.1', 1465221128, 0x5f5f63695f6c6173745f726567656e65726174657c693a313436353232313032363b6c6f676765645f696e7c613a323a7b733a383a22557365726e616d65223b733a31343a224669656c645f6469726563746f72223b733a31303a225065726d697373696f6e223b733a31343a224669656c64206469726563746f72223b7d),
('af7a4d31d9cdd215c57c96986a4b47799813c1c2', '127.0.0.1', 1465224033, 0x5f5f63695f6c6173745f726567656e65726174657c693a313436353232333835383b6c6f676765645f696e7c613a323a7b733a383a22557365726e616d65223b733a31343a224669656c645f6469726563746f72223b733a31303a225065726d697373696f6e223b733a31343a224669656c64206469726563746f72223b7d),
('51674f2c4ba956fcf0c05e9522844fd32b029542', '127.0.0.1', 1465224448, 0x5f5f63695f6c6173745f726567656e65726174657c693a313436353232343433343b6c6f676765645f696e7c613a323a7b733a383a22557365726e616d65223b733a31343a224669656c645f6469726563746f72223b733a31303a225065726d697373696f6e223b733a31343a224669656c64206469726563746f72223b7d),
('78d83803ba29964b1e7eafb5caaff72f282d7e7e', '127.0.0.1', 1465225374, 0x5f5f63695f6c6173745f726567656e65726174657c693a313436353232353337343b6c6f676765645f696e7c613a323a7b733a383a22557365726e616d65223b733a31343a224669656c645f6469726563746f72223b733a31303a225065726d697373696f6e223b733a31343a224669656c64206469726563746f72223b7d),
('eb85c6f66e315d535ad7c27533f2fcbd5ef7e61d', '127.0.0.1', 1465226035, 0x5f5f63695f6c6173745f726567656e65726174657c693a313436353232353934343b6c6f676765645f696e7c613a323a7b733a383a22557365726e616d65223b733a31343a224669656c645f6469726563746f72223b733a31303a225065726d697373696f6e223b733a31343a224669656c64206469726563746f72223b7d),
('da7fc16339793582d2f7a98be51c3ccfd9976685', '127.0.0.1', 1465226555, 0x5f5f63695f6c6173745f726567656e65726174657c693a313436353232363239383b6c6f676765645f696e7c613a323a7b733a383a22557365726e616d65223b733a31343a224669656c645f6469726563746f72223b733a31303a225065726d697373696f6e223b733a31343a224669656c64206469726563746f72223b7d),
('a76902247b6bc8d16eb6db72df42d69e4655364e', '127.0.0.1', 1465226926, 0x5f5f63695f6c6173745f726567656e65726174657c693a313436353232363633363b6c6f676765645f696e7c613a323a7b733a383a22557365726e616d65223b733a31343a224669656c645f6469726563746f72223b733a31303a225065726d697373696f6e223b733a31343a224669656c64206469726563746f72223b7d),
('8eda70776386b7efa7bf22862f621a8023c585d8', '127.0.0.1', 1465226940, 0x5f5f63695f6c6173745f726567656e65726174657c693a313436353232363934303b6c6f676765645f696e7c613a323a7b733a383a22557365726e616d65223b733a31343a224669656c645f6469726563746f72223b733a31303a225065726d697373696f6e223b733a31343a224669656c64206469726563746f72223b7d),
('e776d09ef32237d4bdc2841deeacfe1568f1fb45', '127.0.0.1', 1465234575, 0x5f5f63695f6c6173745f726567656e65726174657c693a313436353233343534363b6c6f676765645f696e7c613a323a7b733a383a22557365726e616d65223b733a31343a224669656c645f6469726563746f72223b733a31303a225065726d697373696f6e223b733a31343a224669656c64206469726563746f72223b7d),
('2507c55757c93ff331c1d3d2b09d6718fb04219a', '127.0.0.1', 1465243850, 0x5f5f63695f6c6173745f726567656e65726174657c693a313436353234333535303b6c6f676765645f696e7c613a323a7b733a383a22557365726e616d65223b733a31343a224669656c645f6469726563746f72223b733a31303a225065726d697373696f6e223b733a31343a224669656c64206469726563746f72223b7d),
('3767b90f5094e84ece51c0c9059cfea87ecb72f8', '127.0.0.1', 1465244085, 0x5f5f63695f6c6173745f726567656e65726174657c693a313436353234333835313b6c6f676765645f696e7c613a323a7b733a383a22557365726e616d65223b733a31343a224669656c645f6469726563746f72223b733a31303a225065726d697373696f6e223b733a31343a224669656c64206469726563746f72223b7d),
('c5640ba0dad8da1cc0b2589a3c1a40aa93503dc4', '127.0.0.1', 1465244217, 0x5f5f63695f6c6173745f726567656e65726174657c693a313436353234343231373b6c6f676765645f696e7c613a323a7b733a383a22557365726e616d65223b733a31343a224669656c645f6469726563746f72223b733a31303a225065726d697373696f6e223b733a31343a224669656c64206469726563746f72223b7d),
('db500ee6052a49323d6107a0c5688bdcae17701b', '127.0.0.1', 1465244571, 0x5f5f63695f6c6173745f726567656e65726174657c693a313436353234343537313b6c6f676765645f696e7c613a323a7b733a383a22557365726e616d65223b733a31343a224669656c645f6469726563746f72223b733a31303a225065726d697373696f6e223b733a31343a224669656c64206469726563746f72223b7d),
('b6f692eb3ea49cb7fd4a60494c80e35bfde41f88', '127.0.0.1', 1465245329, 0x5f5f63695f6c6173745f726567656e65726174657c693a313436353234353035363b6c6f676765645f696e7c613a323a7b733a383a22557365726e616d65223b733a31343a224669656c645f6469726563746f72223b733a31303a225065726d697373696f6e223b733a31343a224669656c64206469726563746f72223b7d),
('5bd4cb8d2b69898749485d465b8af9f3b9965ed3', '127.0.0.1', 1465245987, 0x5f5f63695f6c6173745f726567656e65726174657c693a313436353234353938373b6c6f676765645f696e7c613a323a7b733a383a22557365726e616d65223b733a31343a224669656c645f6469726563746f72223b733a31303a225065726d697373696f6e223b733a31343a224669656c64206469726563746f72223b7d),
('6eb35e862ebc394ec856cc6f1c8ffbd8596b8ad8', '127.0.0.1', 1465247073, 0x5f5f63695f6c6173745f726567656e65726174657c693a313436353234373031353b6c6f676765645f696e7c613a323a7b733a383a22557365726e616d65223b733a31343a224669656c645f6469726563746f72223b733a31303a225065726d697373696f6e223b733a31343a224669656c64206469726563746f72223b7d),
('6c4a4d3ae8a3395e1fa9284c76d86da3b2f196ff', '127.0.0.1', 1465247623, 0x5f5f63695f6c6173745f726567656e65726174657c693a313436353234373539363b6c6f676765645f696e7c613a323a7b733a383a22557365726e616d65223b733a31343a224669656c645f6469726563746f72223b733a31303a225065726d697373696f6e223b733a31343a224669656c64206469726563746f72223b7d),
('6e34b123fdfee2d0cf5d32f1d3937acebfc66327', '127.0.0.1', 1465248967, 0x5f5f63695f6c6173745f726567656e65726174657c693a313436353234383831363b6c6f676765645f696e7c613a323a7b733a383a22557365726e616d65223b733a31343a224669656c645f6469726563746f72223b733a31303a225065726d697373696f6e223b733a31343a224669656c64206469726563746f72223b7d),
('f5334302541853c8f1b92b3b05462e3a33a970ba', '127.0.0.1', 1465249161, 0x5f5f63695f6c6173745f726567656e65726174657c693a313436353234393136313b6c6f676765645f696e7c613a323a7b733a383a22557365726e616d65223b733a31343a224669656c645f6469726563746f72223b733a31303a225065726d697373696f6e223b733a31343a224669656c64206469726563746f72223b7d),
('0d91d76d3078833522a5d3f23dbf9d631eb76847', '127.0.0.1', 1465310519, 0x5f5f63695f6c6173745f726567656e65726174657c693a313436353331303531333b6c6f676765645f696e7c613a323a7b733a383a22557365726e616d65223b733a363a224a7564676531223b733a31303a225065726d697373696f6e223b733a353a224a75646765223b7d),
('b2b534834da38edf64eae8403365733c6c01e413', '127.0.0.1', 1465311582, 0x5f5f63695f6c6173745f726567656e65726174657c693a313436353331313338343b6c6f676765645f696e7c613a323a7b733a383a22557365726e616d65223b733a31343a224669656c645f6469726563746f72223b733a31303a225065726d697373696f6e223b733a31343a224669656c64206469726563746f72223b7d),
('34c6a4f59932cc919c6dea5556b6069f3a1f2fd5', '127.0.0.1', 1465311724, 0x5f5f63695f6c6173745f726567656e65726174657c693a313436353331313639343b6c6f676765645f696e7c613a323a7b733a383a22557365726e616d65223b733a31343a224669656c645f6469726563746f72223b733a31303a225065726d697373696f6e223b733a31343a224669656c64206469726563746f72223b7d),
('c2b34e0a887f88ab616851c8f0064f8f05f4d7d0', '127.0.0.1', 1465313176, 0x5f5f63695f6c6173745f726567656e65726174657c693a313436353331323936313b6c6f676765645f696e7c613a323a7b733a383a22557365726e616d65223b733a363a224a7564676532223b733a31303a225065726d697373696f6e223b733a353a224a75646765223b7d),
('4fbd3988d1a00c7a0cefaeaa26f0413554c95a79', '127.0.0.1', 1465313649, 0x5f5f63695f6c6173745f726567656e65726174657c693a313436353331333335353b6c6f676765645f696e7c613a323a7b733a383a22557365726e616d65223b733a363a224a7564676532223b733a31303a225065726d697373696f6e223b733a353a224a75646765223b7d),
('872996682da2385dcd781a07a82a0880f56e6936', '127.0.0.1', 1465314424, 0x5f5f63695f6c6173745f726567656e65726174657c693a313436353331343137353b6c6f676765645f696e7c613a323a7b733a383a22557365726e616d65223b733a363a224a7564676532223b733a31303a225065726d697373696f6e223b733a353a224a75646765223b7d),
('14b3c8d7b27c0133d827100b981f7ea77a71a688', '127.0.0.1', 1465315086, 0x5f5f63695f6c6173745f726567656e65726174657c693a313436353331353031383b6c6f676765645f696e7c613a323a7b733a383a22557365726e616d65223b733a31343a224669656c645f6469726563746f72223b733a31303a225065726d697373696f6e223b733a31343a224669656c64206469726563746f72223b7d),
('a126bc7bce6bc34564abe92d53d1c8247ee79693', '127.0.0.1', 1465330311, 0x5f5f63695f6c6173745f726567656e65726174657c693a313436353333303032393b6c6f676765645f696e7c613a323a7b733a383a22557365726e616d65223b733a31343a224669656c645f6469726563746f72223b733a31303a225065726d697373696f6e223b733a31343a224669656c64206469726563746f72223b7d),
('f7479ba878f3d731ba8d2a974b64c023250ce9d4', '127.0.0.1', 1465331186, 0x5f5f63695f6c6173745f726567656e65726174657c693a313436353333313137313b6c6f676765645f696e7c613a323a7b733a383a22557365726e616d65223b733a31343a224669656c645f6469726563746f72223b733a31303a225065726d697373696f6e223b733a31343a224669656c64206469726563746f72223b7d),
('41b53c5c700eb7aa7b85e134fe0ac2e8c55b793e', '127.0.0.1', 1465331795, 0x5f5f63695f6c6173745f726567656e65726174657c693a313436353333313531373b6c6f676765645f696e7c613a323a7b733a383a22557365726e616d65223b733a31343a224669656c645f6469726563746f72223b733a31303a225065726d697373696f6e223b733a31343a224669656c64206469726563746f72223b7d),
('2483129b508535fafb5481ea52417d2f7f4f5ae8', '127.0.0.1', 1465332123, 0x5f5f63695f6c6173745f726567656e65726174657c693a313436353333313833383b6c6f676765645f696e7c613a323a7b733a383a22557365726e616d65223b733a31343a224669656c645f6469726563746f72223b733a31303a225065726d697373696f6e223b733a31343a224669656c64206469726563746f72223b7d),
('faf9ff23fe7423b71fb52437a6a7aef5767987d5', '127.0.0.1', 1465334791, 0x5f5f63695f6c6173745f726567656e65726174657c693a313436353333343530363b6c6f676765645f696e7c613a323a7b733a383a22557365726e616d65223b733a31343a224669656c645f6469726563746f72223b733a31303a225065726d697373696f6e223b733a31343a224669656c64206469726563746f72223b7d),
('8d9b90e0b015b03fb3d301f7c1c5e502a592faf3', '127.0.0.1', 1465335186, 0x5f5f63695f6c6173745f726567656e65726174657c693a313436353333343930333b6c6f676765645f696e7c613a323a7b733a383a22557365726e616d65223b733a31343a224669656c645f6469726563746f72223b733a31303a225065726d697373696f6e223b733a31343a224669656c64206469726563746f72223b7d),
('bb96ed576f40cf040f043cd46973104b34cf9896', '127.0.0.1', 1465335308, 0x5f5f63695f6c6173745f726567656e65726174657c693a313436353333353231303b6c6f676765645f696e7c613a323a7b733a383a22557365726e616d65223b733a31343a224669656c645f6469726563746f72223b733a31303a225065726d697373696f6e223b733a31343a224669656c64206469726563746f72223b7d),
('3bc825fdf38c7b230c3857a75203382d3db33277', '127.0.0.1', 1465335842, 0x5f5f63695f6c6173745f726567656e65726174657c693a313436353333353738303b6c6f676765645f696e7c613a323a7b733a383a22557365726e616d65223b733a31343a224669656c645f6469726563746f72223b733a31303a225065726d697373696f6e223b733a31343a224669656c64206469726563746f72223b7d),
('08415345b5c4990c6df73cfb73b6917a01305eb7', '127.0.0.1', 1465336618, 0x5f5f63695f6c6173745f726567656e65726174657c693a313436353333363630343b6c6f676765645f696e7c613a323a7b733a383a22557365726e616d65223b733a31343a224669656c645f6469726563746f72223b733a31303a225065726d697373696f6e223b733a31343a224669656c64206469726563746f72223b7d),
('d4f5fad21a363438c70b3222196ad71b0707ee6d', '127.0.0.1', 1465338942, 0x5f5f63695f6c6173745f726567656e65726174657c693a313436353333383634323b6c6f676765645f696e7c613a323a7b733a383a22557365726e616d65223b733a31343a224b72696a6e5f48656d6d696e6761223b733a31303a225065726d697373696f6e223b733a353a2250696c6f74223b7d),
('04da022ce85d79a642585fadebf5dfd90399d3f0', '127.0.0.1', 1465339298, 0x5f5f63695f6c6173745f726567656e65726174657c693a313436353333393135343b6c6f676765645f696e7c613a323a7b733a383a22557365726e616d65223b733a31343a224669656c645f6469726563746f72223b733a31303a225065726d697373696f6e223b733a31343a224669656c64206469726563746f72223b7d),
('6c087d02eb2787901945b4c5d5308038a6d4bb6d', '127.0.0.1', 1465339778, 0x5f5f63695f6c6173745f726567656e65726174657c693a313436353333393634373b6c6f676765645f696e7c613a323a7b733a383a22557365726e616d65223b733a31343a224669656c645f6469726563746f72223b733a31303a225065726d697373696f6e223b733a31343a224669656c64206469726563746f72223b7d),
('4036a58d8b5800b131334d18bf3dfcf141145b5f', '127.0.0.1', 1465342003, 0x5f5f63695f6c6173745f726567656e65726174657c693a313436353334313935353b6c6f676765645f696e7c613a323a7b733a383a22557365726e616d65223b733a31343a224669656c645f6469726563746f72223b733a31303a225065726d697373696f6e223b733a31343a224669656c64206469726563746f72223b7d),
('3fd922405f82fe0a943c4a65747b561d2ab4d0de', '127.0.0.1', 1465342729, 0x5f5f63695f6c6173745f726567656e65726174657c693a313436353334323730303b6c6f676765645f696e7c613a323a7b733a383a22557365726e616d65223b733a31343a224669656c645f6469726563746f72223b733a31303a225065726d697373696f6e223b733a31343a224669656c64206469726563746f72223b7d),
('f2eff9286e41d1962989169b9e44a90a24b6d78b', '127.0.0.1', 1465345244, 0x5f5f63695f6c6173745f726567656e65726174657c693a313436353334353135393b6c6f676765645f696e7c613a323a7b733a383a22557365726e616d65223b733a31343a224669656c645f6469726563746f72223b733a31303a225065726d697373696f6e223b733a31343a224669656c64206469726563746f72223b7d),
('8e762cbc3c7c0a97f80d9aec7b36ef5582038a5c', '127.0.0.1', 1465345663, 0x5f5f63695f6c6173745f726567656e65726174657c693a313436353334353437373b6c6f676765645f696e7c613a323a7b733a383a22557365726e616d65223b733a31343a224669656c645f6469726563746f72223b733a31303a225065726d697373696f6e223b733a31343a224669656c64206469726563746f72223b7d),
('7ce3b852a41763c2722db429e1e34ee1b14b5c69', '127.0.0.1', 1465346254, 0x5f5f63695f6c6173745f726567656e65726174657c693a313436353334353938353b6c6f676765645f696e7c613a323a7b733a383a22557365726e616d65223b733a31343a224669656c645f6469726563746f72223b733a31303a225065726d697373696f6e223b733a31343a224669656c64206469726563746f72223b7d),
('19bdf0539f6471e07a559db2d93913160c0f254a', '127.0.0.1', 1465346603, 0x5f5f63695f6c6173745f726567656e65726174657c693a313436353334363331373b6c6f676765645f696e7c613a323a7b733a383a22557365726e616d65223b733a31343a224669656c645f6469726563746f72223b733a31303a225065726d697373696f6e223b733a31343a224669656c64206469726563746f72223b7d),
('a73d1fa40154fb5fae4918611c134f862549da37', '127.0.0.1', 1465346882, 0x5f5f63695f6c6173745f726567656e65726174657c693a313436353334363734343b6c6f676765645f696e7c613a323a7b733a383a22557365726e616d65223b733a31343a224669656c645f6469726563746f72223b733a31303a225065726d697373696f6e223b733a31343a224669656c64206469726563746f72223b7d),
('25cf4a3f1d599f8e963b9e9c6dc66b403f431446', '127.0.0.1', 1465347361, 0x5f5f63695f6c6173745f726567656e65726174657c693a313436353334373038303b6c6f676765645f696e7c613a323a7b733a383a22557365726e616d65223b733a31343a224669656c645f6469726563746f72223b733a31303a225065726d697373696f6e223b733a31343a224669656c64206469726563746f72223b7d),
('f27d2baeafe6967e892c9e3192a17f7591b50520', '127.0.0.1', 1465348389, 0x5f5f63695f6c6173745f726567656e65726174657c693a313436353334383133363b6c6f676765645f696e7c613a323a7b733a383a22557365726e616d65223b733a31343a224669656c645f6469726563746f72223b733a31303a225065726d697373696f6e223b733a31343a224669656c64206469726563746f72223b7d),
('0ff7125af3c00cb2c31cd0da3bf9a2fae33a85a7', '127.0.0.1', 1465348442, 0x5f5f63695f6c6173745f726567656e65726174657c693a313436353334383433373b6c6f676765645f696e7c613a323a7b733a383a22557365726e616d65223b733a31343a224669656c645f6469726563746f72223b733a31303a225065726d697373696f6e223b733a31343a224669656c64206469726563746f72223b7d),
('38b7b05e97f699c5dd1958e8a8867fcb648ba234', '127.0.0.1', 1465348938, 0x5f5f63695f6c6173745f726567656e65726174657c693a313436353334383839303b6c6f676765645f696e7c613a323a7b733a383a22557365726e616d65223b733a31343a224669656c645f6469726563746f72223b733a31303a225065726d697373696f6e223b733a31343a224669656c64206469726563746f72223b7d),
('2c9db94c20f8b58c5b07c304928d65521787c0c0', '127.0.0.1', 1465349535, 0x5f5f63695f6c6173745f726567656e65726174657c693a313436353334393235303b6c6f676765645f696e7c613a323a7b733a383a22557365726e616d65223b733a31343a224669656c645f6469726563746f72223b733a31303a225065726d697373696f6e223b733a31343a224669656c64206469726563746f72223b7d),
('fee811f680574324ce8026b362a88739f966b1c0', '127.0.0.1', 1465349999, 0x5f5f63695f6c6173745f726567656e65726174657c693a313436353334393732303b6c6f676765645f696e7c613a323a7b733a383a22557365726e616d65223b733a31343a224669656c645f6469726563746f72223b733a31303a225065726d697373696f6e223b733a31343a224669656c64206469726563746f72223b7d),
('7ad83f95b027e18b4ec9d65a9c01231da5e4d65f', '127.0.0.1', 1465350283, 0x5f5f63695f6c6173745f726567656e65726174657c693a313436353335303034383b6c6f676765645f696e7c613a323a7b733a383a22557365726e616d65223b733a31343a224669656c645f6469726563746f72223b733a31303a225065726d697373696f6e223b733a31343a224669656c64206469726563746f72223b7d),
('4de2e69703bc20adba456d68c6b9b642f07641f1', '127.0.0.1', 1465350672, 0x5f5f63695f6c6173745f726567656e65726174657c693a313436353335303338303b6c6f676765645f696e7c613a323a7b733a383a22557365726e616d65223b733a31343a224669656c645f6469726563746f72223b733a31303a225065726d697373696f6e223b733a31343a224669656c64206469726563746f72223b7d),
('e103f084ca5545b9ee47089f91659917bb1a82e2', '127.0.0.1', 1465350980, 0x5f5f63695f6c6173745f726567656e65726174657c693a313436353335303639393b6c6f676765645f696e7c613a323a7b733a383a22557365726e616d65223b733a31343a224669656c645f6469726563746f72223b733a31303a225065726d697373696f6e223b733a31343a224669656c64206469726563746f72223b7d),
('c705c73606d067df478d226540ef0d0c864f6c59', '127.0.0.1', 1465351319, 0x5f5f63695f6c6173745f726567656e65726174657c693a313436353335313033323b6c6f676765645f696e7c613a323a7b733a383a22557365726e616d65223b733a31343a224669656c645f6469726563746f72223b733a31303a225065726d697373696f6e223b733a31343a224669656c64206469726563746f72223b7d),
('f733c5252d211ef32f07d5c9ae8efffc167ccc95', '127.0.0.1', 1465351631, 0x5f5f63695f6c6173745f726567656e65726174657c693a313436353335313334343b6c6f676765645f696e7c613a323a7b733a383a22557365726e616d65223b733a31343a224669656c645f6469726563746f72223b733a31303a225065726d697373696f6e223b733a31343a224669656c64206469726563746f72223b7d),
('5d2fe5fe7afbac16d749a7f2d98d840937c19d7b', '127.0.0.1', 1465351805, 0x5f5f63695f6c6173745f726567656e65726174657c693a313436353335313635353b6c6f676765645f696e7c613a323a7b733a383a22557365726e616d65223b733a31343a224669656c645f6469726563746f72223b733a31303a225065726d697373696f6e223b733a31343a224669656c64206469726563746f72223b7d),
('42dcd399e33599ea6214c87d4d2dd77e0be9cd1e', '127.0.0.1', 1465352304, 0x5f5f63695f6c6173745f726567656e65726174657c693a313436353335323033373b6c6f676765645f696e7c613a323a7b733a383a22557365726e616d65223b733a31343a224669656c645f6469726563746f72223b733a31303a225065726d697373696f6e223b733a31343a224669656c64206469726563746f72223b7d),
('c7e142887533f5022564e68f8cef557e56686cb7', '127.0.0.1', 1465352632, 0x5f5f63695f6c6173745f726567656e65726174657c693a313436353335323333383b6c6f676765645f696e7c613a323a7b733a383a22557365726e616d65223b733a31343a224669656c645f6469726563746f72223b733a31303a225065726d697373696f6e223b733a31343a224669656c64206469726563746f72223b7d),
('3592538d035c1d423d79269625e5c2a8b6ff215c', '127.0.0.1', 1465353078, 0x5f5f63695f6c6173745f726567656e65726174657c693a313436353335323830303b6c6f676765645f696e7c613a323a7b733a383a22557365726e616d65223b733a353a2261646d696e223b733a31303a225065726d697373696f6e223b733a353a2241646d696e223b7d),
('5ec8d9efb3a9662071275b20f910ab3a6a49cbc6', '127.0.0.1', 1465353198, 0x5f5f63695f6c6173745f726567656e65726174657c693a313436353335333131363b6c6f676765645f696e7c613a323a7b733a383a22557365726e616d65223b733a353a2261646d696e223b733a31303a225065726d697373696f6e223b733a353a2241646d696e223b7d),
('8e8abb2798a261edf8b57018142cf21acb07cc05', '127.0.0.1', 1465354209, 0x5f5f63695f6c6173745f726567656e65726174657c693a313436353335343230393b);

-- --------------------------------------------------------

--
-- Tabelstructuur voor tabel `competition`
--

CREATE TABLE `competition` (
  `ID` int(11) NOT NULL,
  `Location` varchar(255) NOT NULL,
  `Date` date NOT NULL
) ENGINE=InnoDB DEFAULT CHARSET=latin1;

--
-- Gegevens worden geëxporteerd voor tabel `competition`
--

INSERT INTO `competition` (`ID`, `Location`, `Date`) VALUES
(1, 'Den Helder', '2016-08-26'),
(2, 'test', '2016-07-09');

-- --------------------------------------------------------

--
-- Tabelstructuur voor tabel `imposedtrick`
--

CREATE TABLE `imposedtrick` (
  `CompetitionID` int(11) NOT NULL,
  `ScoreType` varchar(255) NOT NULL,
  `Trick` varchar(255) NOT NULL
) ENGINE=InnoDB DEFAULT CHARSET=latin1;

--
-- Gegevens worden geëxporteerd voor tabel `imposedtrick`
--

INSERT INTO `imposedtrick` (`CompetitionID`, `ScoreType`, `Trick`) VALUES
(2, 'IT1A1', 'Fade'),
(2, 'IT1A2', 'Fade'),
(2, 'IT2A1', 'Half Axel'),
(2, 'IT2A2', 'Half Axel'),
(2, 'IT3A1', 'Insane'),
(2, 'IT3A2', 'Insane'),
(2, 'IT4A1', 'Turtle (Backflip)'),
(2, 'IT4A2', 'Turtle (Backflip)');

-- --------------------------------------------------------

--
-- Tabelstructuur voor tabel `login`
--

CREATE TABLE `login` (
  `Username` varchar(255) NOT NULL,
  `Password` varchar(255) NOT NULL,
  `Permission` varchar(255) NOT NULL
) ENGINE=InnoDB DEFAULT CHARSET=latin1;

--
-- Gegevens worden geëxporteerd voor tabel `login`
--

INSERT INTO `login` (`Username`, `Password`, `Permission`) VALUES
('admin', '21232f297a57a5a743894a0e4a801fc3', 'Admin'),
('Field_director', '06e3d36fa30cea095545139854ad1fb9', 'Field director'),
('Judge1', '9801133a9a5eb052a4f588f44a86936d', 'Judge'),
('Judge2', '1256db16c9c3ee2f9463fe547433950d', 'Judge'),
('Judge3', 'e06eb0f114ebbc1f2f262f9976f0c715', 'Judge'),
('Krijn_Hemminga', '8276c305beb1ebf1529fb8592cb24083', 'Pilot'),
('Wouter_Eskens', 'ec6bc20d787546f8f7941f76513f903c', 'Pilot');

-- --------------------------------------------------------

--
-- Tabelstructuur voor tabel `permission`
--

CREATE TABLE `permission` (
  `Permission` varchar(255) NOT NULL
) ENGINE=InnoDB DEFAULT CHARSET=latin1;

--
-- Gegevens worden geëxporteerd voor tabel `permission`
--

INSERT INTO `permission` (`Permission`) VALUES
('Admin'),
('Field director'),
('Judge'),
('Organizer'),
('Pilot');

-- --------------------------------------------------------

--
-- Tabelstructuur voor tabel `person`
--

CREATE TABLE `person` (
  `Username` varchar(255) NOT NULL,
  `FirstName` varchar(255) DEFAULT NULL,
  `LastName` varchar(255) DEFAULT NULL,
  `EmailAddress` varchar(255) DEFAULT NULL
) ENGINE=InnoDB DEFAULT CHARSET=latin1;

--
-- Gegevens worden geëxporteerd voor tabel `person`
--

INSERT INTO `person` (`Username`, `FirstName`, `LastName`, `EmailAddress`) VALUES
('Krijn_Hemminga', 'Krijn', 'Hemminga', 'krijn.hemminga@gmail.com'),
('Wouter_Eskens', 'Wouter', 'Eskens', 'wouter.eskens@gmail.com');

-- --------------------------------------------------------

--
-- Tabelstructuur voor tabel `ranking`
--

CREATE TABLE `ranking` (
  `ID` int(11) NOT NULL,
  `Location` varchar(255) NOT NULL,
  `Date` date NOT NULL,
  `PilotUsername` varchar(255) NOT NULL,
  `PilotFirstName` varchar(255) NOT NULL,
  `PilotLastName` varchar(255) NOT NULL,
  `PilotEmailAddress` varchar(255) NOT NULL,
  `NumberOfJudges` int(11) NOT NULL,
  `BalletTricksPercentage` int(11) NOT NULL,
  `ArtisticPercentage` int(11) NOT NULL,
  `ArtisticMultiplier` int(11) NOT NULL,
  `TechnicalPercentage` int(11) NOT NULL,
  `TechnicalMultiplier` int(11) NOT NULL,
  `ImposedTricksPercentage` int(11) NOT NULL,
  `FreeExpressionPercentage` int(11) NOT NULL
) ENGINE=InnoDB DEFAULT CHARSET=latin1;

-- --------------------------------------------------------

--
-- Tabelstructuur voor tabel `rankingscore`
--

CREATE TABLE `rankingscore` (
  `RankingID` int(11) NOT NULL,
  `ScoreType` varchar(255) NOT NULL,
  `Score` float NOT NULL,
  `Trick` varchar(255) DEFAULT NULL
) ENGINE=InnoDB DEFAULT CHARSET=latin1;

-- --------------------------------------------------------

--
-- Tabelstructuur voor tabel `resulttype`
--

CREATE TABLE `resulttype` (
  `ResultType` varchar(255) NOT NULL
) ENGINE=InnoDB DEFAULT CHARSET=latin1;

--
-- Gegevens worden geëxporteerd voor tabel `resulttype`
--

INSERT INTO `resulttype` (`ResultType`) VALUES
('1'),
('10'),
('11'),
('12'),
('13'),
('14'),
('15'),
('16'),
('17'),
('18'),
('19'),
('2'),
('20'),
('3'),
('4'),
('5'),
('6'),
('7'),
('8'),
('9'),
('Average'),
('Bad'),
('Excellent'),
('Good');

-- --------------------------------------------------------

--
-- Tabelstructuur voor tabel `score`
--

CREATE TABLE `score` (
  `CompetitionID` int(11) NOT NULL,
  `JudgeUsername` varchar(255) NOT NULL,
  `PilotUsername` varchar(255) NOT NULL,
  `ScoreType` varchar(255) NOT NULL,
  `ResultType` varchar(255) NOT NULL
) ENGINE=InnoDB DEFAULT CHARSET=latin1;

--
-- Gegevens worden geëxporteerd voor tabel `score`
--

INSERT INTO `score` (`CompetitionID`, `JudgeUsername`, `PilotUsername`, `ScoreType`, `ResultType`) VALUES
(2, 'Judge1', 'Krijn_Hemminga', 'Artistic', '17'),
(2, 'Judge1', 'Krijn_Hemminga', 'BT1', 'Good'),
(2, 'Judge1', 'Krijn_Hemminga', 'BT2', 'Good'),
(2, 'Judge1', 'Krijn_Hemminga', 'BT3', 'Excellent'),
(2, 'Judge1', 'Krijn_Hemminga', 'BT4', 'Excellent'),
(2, 'Judge1', 'Krijn_Hemminga', 'BT5', 'Average'),
(2, 'Judge1', 'Krijn_Hemminga', 'BT6', 'Average'),
(2, 'Judge1', 'Krijn_Hemminga', 'BT7', 'Excellent'),
(2, 'Judge1', 'Krijn_Hemminga', 'BT8', 'Excellent'),
(2, 'Judge1', 'Krijn_Hemminga', 'BT9', 'Good'),
(2, 'Judge1', 'Krijn_Hemminga', 'Free expression', '8'),
(2, 'Judge1', 'Krijn_Hemminga', 'IT1A1', '9'),
(2, 'Judge1', 'Krijn_Hemminga', 'IT1A2', '9'),
(2, 'Judge1', 'Krijn_Hemminga', 'IT2A1', '6'),
(2, 'Judge1', 'Krijn_Hemminga', 'IT2A2', '6'),
(2, 'Judge1', 'Krijn_Hemminga', 'IT3A1', '5'),
(2, 'Judge1', 'Krijn_Hemminga', 'IT3A2', '5'),
(2, 'Judge1', 'Krijn_Hemminga', 'IT4A1', '8'),
(2, 'Judge1', 'Krijn_Hemminga', 'IT4A2', '2'),
(2, 'Judge1', 'Krijn_Hemminga', 'Technical', '10'),
(2, 'Judge1', 'Wouter_Eskens', 'Artistic', '10'),
(2, 'Judge1', 'Wouter_Eskens', 'BT1', 'Average'),
(2, 'Judge1', 'Wouter_Eskens', 'BT2', 'Average'),
(2, 'Judge1', 'Wouter_Eskens', 'BT3', 'Good'),
(2, 'Judge1', 'Wouter_Eskens', 'BT4', 'Good'),
(2, 'Judge1', 'Wouter_Eskens', 'BT5', 'Excellent'),
(2, 'Judge1', 'Wouter_Eskens', 'BT6', 'Excellent'),
(2, 'Judge1', 'Wouter_Eskens', 'BT7', 'Average'),
(2, 'Judge1', 'Wouter_Eskens', 'BT8', 'Average'),
(2, 'Judge1', 'Wouter_Eskens', 'BT9', 'Good'),
(2, 'Judge1', 'Wouter_Eskens', 'Free expression', '8'),
(2, 'Judge1', 'Wouter_Eskens', 'IT1A1', '8'),
(2, 'Judge1', 'Wouter_Eskens', 'IT1A2', '8'),
(2, 'Judge1', 'Wouter_Eskens', 'IT2A1', '7'),
(2, 'Judge1', 'Wouter_Eskens', 'IT2A2', '7'),
(2, 'Judge1', 'Wouter_Eskens', 'IT3A1', '6'),
(2, 'Judge1', 'Wouter_Eskens', 'IT3A2', '6'),
(2, 'Judge1', 'Wouter_Eskens', 'IT4A1', '5'),
(2, 'Judge1', 'Wouter_Eskens', 'IT4A2', '5'),
(2, 'Judge1', 'Wouter_Eskens', 'Technical', '15'),
(2, 'Judge2', 'Krijn_Hemminga', 'Artistic', '17'),
(2, 'Judge2', 'Krijn_Hemminga', 'BT1', 'Good'),
(2, 'Judge2', 'Krijn_Hemminga', 'BT2', 'Good'),
(2, 'Judge2', 'Krijn_Hemminga', 'BT3', 'Average'),
(2, 'Judge2', 'Krijn_Hemminga', 'BT4', 'Average'),
(2, 'Judge2', 'Krijn_Hemminga', 'BT5', 'Excellent'),
(2, 'Judge2', 'Krijn_Hemminga', 'BT6', 'Excellent'),
(2, 'Judge2', 'Krijn_Hemminga', 'BT7', 'Good'),
(2, 'Judge2', 'Krijn_Hemminga', 'BT8', 'Good'),
(2, 'Judge2', 'Krijn_Hemminga', 'BT9', 'Average'),
(2, 'Judge2', 'Krijn_Hemminga', 'Free expression', '8'),
(2, 'Judge2', 'Krijn_Hemminga', 'IT1A1', '8'),
(2, 'Judge2', 'Krijn_Hemminga', 'IT1A2', '8'),
(2, 'Judge2', 'Krijn_Hemminga', 'IT2A1', '9'),
(2, 'Judge2', 'Krijn_Hemminga', 'IT2A2', '9'),
(2, 'Judge2', 'Krijn_Hemminga', 'IT3A1', '6'),
(2, 'Judge2', 'Krijn_Hemminga', 'IT3A2', '6'),
(2, 'Judge2', 'Krijn_Hemminga', 'IT4A1', '2'),
(2, 'Judge2', 'Krijn_Hemminga', 'IT4A2', '9'),
(2, 'Judge2', 'Krijn_Hemminga', 'Technical', '18'),
(2, 'Judge2', 'Wouter_Eskens', 'Artistic', '1'),
(2, 'Judge2', 'Wouter_Eskens', 'BT1', 'Good'),
(2, 'Judge2', 'Wouter_Eskens', 'BT2', 'Good'),
(2, 'Judge2', 'Wouter_Eskens', 'BT3', 'Good'),
(2, 'Judge2', 'Wouter_Eskens', 'BT4', 'Good'),
(2, 'Judge2', 'Wouter_Eskens', 'BT5', 'Good'),
(2, 'Judge2', 'Wouter_Eskens', 'BT6', 'Good'),
(2, 'Judge2', 'Wouter_Eskens', 'BT7', 'Good'),
(2, 'Judge2', 'Wouter_Eskens', 'BT8', 'Excellent'),
(2, 'Judge2', 'Wouter_Eskens', 'BT9', 'Good'),
(2, 'Judge2', 'Wouter_Eskens', 'Free expression', '8'),
(2, 'Judge2', 'Wouter_Eskens', 'IT1A1', '8'),
(2, 'Judge2', 'Wouter_Eskens', 'IT1A2', '8'),
(2, 'Judge2', 'Wouter_Eskens', 'IT2A1', '7'),
(2, 'Judge2', 'Wouter_Eskens', 'IT2A2', '7'),
(2, 'Judge2', 'Wouter_Eskens', 'IT3A1', '6'),
(2, 'Judge2', 'Wouter_Eskens', 'IT3A2', '6'),
(2, 'Judge2', 'Wouter_Eskens', 'IT4A1', '5'),
(2, 'Judge2', 'Wouter_Eskens', 'IT4A2', '5'),
(2, 'Judge2', 'Wouter_Eskens', 'Technical', '13'),
(2, 'Judge3', 'Krijn_Hemminga', 'Artistic', '18'),
(2, 'Judge3', 'Krijn_Hemminga', 'BT1', 'Good'),
(2, 'Judge3', 'Krijn_Hemminga', 'BT2', 'Good'),
(2, 'Judge3', 'Krijn_Hemminga', 'BT3', 'Excellent'),
(2, 'Judge3', 'Krijn_Hemminga', 'BT4', 'Excellent'),
(2, 'Judge3', 'Krijn_Hemminga', 'BT5', 'Average'),
(2, 'Judge3', 'Krijn_Hemminga', 'BT6', 'Average'),
(2, 'Judge3', 'Krijn_Hemminga', 'BT7', 'Excellent'),
(2, 'Judge3', 'Krijn_Hemminga', 'BT8', 'Excellent'),
(2, 'Judge3', 'Krijn_Hemminga', 'BT9', 'Good'),
(2, 'Judge3', 'Krijn_Hemminga', 'Free expression', '9'),
(2, 'Judge3', 'Krijn_Hemminga', 'IT1A1', '7'),
(2, 'Judge3', 'Krijn_Hemminga', 'IT1A2', '7'),
(2, 'Judge3', 'Krijn_Hemminga', 'IT2A1', '5'),
(2, 'Judge3', 'Krijn_Hemminga', 'IT2A2', '5'),
(2, 'Judge3', 'Krijn_Hemminga', 'IT3A1', '3'),
(2, 'Judge3', 'Krijn_Hemminga', 'IT3A2', '3'),
(2, 'Judge3', 'Krijn_Hemminga', 'IT4A1', '3'),
(2, 'Judge3', 'Krijn_Hemminga', 'IT4A2', '9'),
(2, 'Judge3', 'Krijn_Hemminga', 'Technical', '13'),
(2, 'Judge3', 'Wouter_Eskens', 'Artistic', '17'),
(2, 'Judge3', 'Wouter_Eskens', 'BT1', 'Good'),
(2, 'Judge3', 'Wouter_Eskens', 'BT2', 'Good'),
(2, 'Judge3', 'Wouter_Eskens', 'BT3', 'Good'),
(2, 'Judge3', 'Wouter_Eskens', 'BT4', 'Good'),
(2, 'Judge3', 'Wouter_Eskens', 'BT5', 'Good'),
(2, 'Judge3', 'Wouter_Eskens', 'BT6', 'Good'),
(2, 'Judge3', 'Wouter_Eskens', 'BT7', 'Good'),
(2, 'Judge3', 'Wouter_Eskens', 'BT8', 'Good'),
(2, 'Judge3', 'Wouter_Eskens', 'BT9', 'Good'),
(2, 'Judge3', 'Wouter_Eskens', 'Free expression', '8'),
(2, 'Judge3', 'Wouter_Eskens', 'IT1A1', '8'),
(2, 'Judge3', 'Wouter_Eskens', 'IT1A2', '8'),
(2, 'Judge3', 'Wouter_Eskens', 'IT2A1', '7'),
(2, 'Judge3', 'Wouter_Eskens', 'IT2A2', '7'),
(2, 'Judge3', 'Wouter_Eskens', 'IT3A1', '6'),
(2, 'Judge3', 'Wouter_Eskens', 'IT3A2', '6'),
(2, 'Judge3', 'Wouter_Eskens', 'IT4A1', '5'),
(2, 'Judge3', 'Wouter_Eskens', 'IT4A2', '5'),
(2, 'Judge3', 'Wouter_Eskens', 'Technical', '12');

-- --------------------------------------------------------

--
-- Tabelstructuur voor tabel `scoretype`
--

CREATE TABLE `scoretype` (
  `ScoreType` varchar(255) NOT NULL
) ENGINE=InnoDB DEFAULT CHARSET=latin1;

--
-- Gegevens worden geëxporteerd voor tabel `scoretype`
--

INSERT INTO `scoretype` (`ScoreType`) VALUES
('Artistic'),
('BT1'),
('BT2'),
('BT3'),
('BT4'),
('BT5'),
('BT6'),
('BT7'),
('BT8'),
('BT9'),
('Free expression'),
('IT1A1'),
('IT1A2'),
('IT2A1'),
('IT2A2'),
('IT3A1'),
('IT3A2'),
('IT4A1'),
('IT4A2'),
('Technical');

-- --------------------------------------------------------

--
-- Tabelstructuur voor tabel `selectedballetlist`
--

CREATE TABLE `selectedballetlist` (
  `PilotUsername` varchar(255) NOT NULL,
  `CompetitionID` int(11) NOT NULL,
  `ListEnum` enum('A','B') NOT NULL
) ENGINE=InnoDB DEFAULT CHARSET=latin1;

--
-- Gegevens worden geëxporteerd voor tabel `selectedballetlist`
--

INSERT INTO `selectedballetlist` (`PilotUsername`, `CompetitionID`, `ListEnum`) VALUES
('Krijn_Hemminga', 2, 'B'),
('Wouter_Eskens', 2, 'A');

-- --------------------------------------------------------

--
-- Tabelstructuur voor tabel `trick`
--

CREATE TABLE `trick` (
  `Trick` varchar(255) NOT NULL,
  `TrickGroup` int(11) NOT NULL
) ENGINE=InnoDB DEFAULT CHARSET=latin1;

--
-- Gegevens worden geëxporteerd voor tabel `trick`
--

INSERT INTO `trick` (`Trick`, `TrickGroup`) VALUES
('2 Tips Landing', 2),
('360°', 2),
('540', 3),
('540 Mutex', 4),
('Axel', 2),
('Backspin Cascade', 4),
('Backspins', 3),
('Cascade', 2),
('Cascade Comete', 5),
('Coin Toss', 2),
('Comete', 4),
('Crazy Copter', 5),
('Cynique', 5),
('Double Axel', 4),
('Duplex', 4),
('Fade', 1),
('Flapjack', 2),
('Flic Flac (pancake)', 2),
('Half Axel', 1),
('Insane', 1),
('Insane left-right', 3),
('Jacobs Ladder', 3),
('K2000', 3),
('Kombo', 2),
('La Dole', 5),
('Lazy Susan', 2),
('Lewis', 3),
('Multi Yoyo', 5),
('Multilazy', 3),
('Multislot', 4),
('Pinwheel (Helicopter)', 3),
('Refueling', 2),
('Reverse Rolling', 3),
('Reversed Coin Toss', 3),
('Reversed Flic-Flac', 3),
('Rolling Cascade', 3),
('Rolling Susan', 2),
('Side Slide', 3),
('Slotmachine', 3),
('Spike', 3),
('Stop (snapstall)', 2),
('Tazmachine', 4),
('Torpille', 4),
('Turtle (Backflip)', 1),
('Wap Doo Wap', 4),
('YoFade', 4),
('YoFade Backspins', 5),
('Yoyo', 3),
('Yoyo Multilazy', 5),
('Yoyo Take-off', 4);

-- --------------------------------------------------------

--
-- Tabelstructuur voor tabel `trickgroup`
--

CREATE TABLE `trickgroup` (
  `TrickGroup` int(11) NOT NULL,
  `ResultType` varchar(255) NOT NULL,
  `Score` int(11) NOT NULL
) ENGINE=InnoDB DEFAULT CHARSET=latin1;

--
-- Gegevens worden geëxporteerd voor tabel `trickgroup`
--

INSERT INTO `trickgroup` (`TrickGroup`, `ResultType`, `Score`) VALUES
(1, 'Average', 2),
(1, 'Bad', 0),
(1, 'Excellent', 6),
(1, 'Good', 4),
(2, 'Average', 3),
(2, 'Bad', 0),
(2, 'Excellent', 9),
(2, 'Good', 6),
(3, 'Average', 4),
(3, 'Bad', 0),
(3, 'Excellent', 12),
(3, 'Good', 8),
(4, 'Average', 5),
(4, 'Bad', 0),
(4, 'Excellent', 15),
(4, 'Good', 10),
(5, 'Average', 6),
(5, 'Bad', 0),
(5, 'Excellent', 18),
(5, 'Good', 12);

--
-- Indexen voor geëxporteerde tabellen
--

--
-- Indexen voor tabel `balletlist`
--
ALTER TABLE `balletlist`
  ADD PRIMARY KEY (`PilotUsername`,`CompetitionID`,`ScoreType`,`ListEnum`);

--
-- Indexen voor tabel `ci_sessions`
--
ALTER TABLE `ci_sessions`
  ADD KEY `ci_sessions_timestamp` (`timestamp`);

--
-- Indexen voor tabel `competition`
--
ALTER TABLE `competition`
  ADD PRIMARY KEY (`ID`);

--
-- Indexen voor tabel `imposedtrick`
--
ALTER TABLE `imposedtrick`
  ADD PRIMARY KEY (`CompetitionID`,`ScoreType`);

--
-- Indexen voor tabel `login`
--
ALTER TABLE `login`
  ADD PRIMARY KEY (`Username`);

--
-- Indexen voor tabel `permission`
--
ALTER TABLE `permission`
  ADD PRIMARY KEY (`Permission`);

--
-- Indexen voor tabel `person`
--
ALTER TABLE `person`
  ADD PRIMARY KEY (`Username`);

--
-- Indexen voor tabel `ranking`
--
ALTER TABLE `ranking`
  ADD PRIMARY KEY (`ID`);

--
-- Indexen voor tabel `rankingscore`
--
ALTER TABLE `rankingscore`
  ADD PRIMARY KEY (`RankingID`,`ScoreType`);

--
-- Indexen voor tabel `resulttype`
--
ALTER TABLE `resulttype`
  ADD PRIMARY KEY (`ResultType`);

--
-- Indexen voor tabel `score`
--
ALTER TABLE `score`
  ADD PRIMARY KEY (`CompetitionID`,`JudgeUsername`,`PilotUsername`,`ScoreType`);

--
-- Indexen voor tabel `scoretype`
--
ALTER TABLE `scoretype`
  ADD PRIMARY KEY (`ScoreType`);

--
-- Indexen voor tabel `selectedballetlist`
--
ALTER TABLE `selectedballetlist`
  ADD PRIMARY KEY (`PilotUsername`,`CompetitionID`);

--
-- Indexen voor tabel `trick`
--
ALTER TABLE `trick`
  ADD PRIMARY KEY (`Trick`);

--
-- Indexen voor tabel `trickgroup`
--
ALTER TABLE `trickgroup`
  ADD PRIMARY KEY (`TrickGroup`,`ResultType`);

--
-- AUTO_INCREMENT voor geëxporteerde tabellen
--

--
-- AUTO_INCREMENT voor een tabel `competition`
--
ALTER TABLE `competition`
  MODIFY `ID` int(11) NOT NULL AUTO_INCREMENT, AUTO_INCREMENT=4;
--
-- AUTO_INCREMENT voor een tabel `ranking`
--
ALTER TABLE `ranking`
  MODIFY `ID` int(11) NOT NULL AUTO_INCREMENT, AUTO_INCREMENT=11;
/*!40101 SET CHARACTER_SET_CLIENT=@OLD_CHARACTER_SET_CLIENT */;
/*!40101 SET CHARACTER_SET_RESULTS=@OLD_CHARACTER_SET_RESULTS */;
/*!40101 SET COLLATION_CONNECTION=@OLD_COLLATION_CONNECTION */;
